variable,value,dates.date,dates.freq
FZLN,71.7,1955-01-01,a
LNNK,5.1,1955-01-01,a
LNNL,4.6,1955-01-01,a
DMWN,6.6,1956-01-01,a
FZLN,71.8,1956-01-01,a
FZLR,0.3,1956-01-01,a
LNNK,5.5,1956-01-01,a
LNNL,4.9,1956-01-01,a
LOJE,6.8,1956-01-01,a
DMWN,3.3,1957-01-01,a
FZLN,71.6,1957-01-01,a
FZLR,-0.3,1957-01-01,a
LNNK,5.7,1957-01-01,a
LNNL,5.1,1957-01-01,a
LOJE,3.2,1957-01-01,a
DMWN,2.5,1958-01-01,a
FZLN,70.5,1958-01-01,a
FZLR,-1.6,1958-01-01,a
LNNK,5.8,1958-01-01,a
LNNL,5.2,1958-01-01,a
LOJE,1.9,1958-01-01,a
DMWN,0.8,1959-01-01,a
FZLN,70.1,1959-01-01,a
FZLR,-0.6,1959-01-01,a
LNNK,5.8,1959-01-01,a
LNNL,5.3,1959-01-01,a
LOJE,0.7,1959-01-01,a
DMWN,0.4,1960-01-01,a
FZLN,68.3,1960-01-01,a
FZLR,-2.5,1960-01-01,a
LNNK,5.9,1960-01-01,a
LNNL,5.3,1960-01-01,a
LOJE,0.8,1960-01-01,a
DMWN,5.1,1961-01-01,a
FZLN,69.4,1961-01-01,a
FZLR,1.6,1961-01-01,a
LNNK,6.2,1961-01-01,a
LNNL,5.5,1961-01-01,a
LOJE,4.9,1961-01-01,a
DMWN,4,1962-01-01,a
FZLN,69.6,1962-01-01,a
FZLR,0.3,1962-01-01,a
LNNK,6.4,1962-01-01,a
LNNL,5.8,1962-01-01,a
LOJE,3.9,1962-01-01,a
DMWN,-0.1,1963-01-01,a
FZLN,70.3,1963-01-01,a
FZLR,1,1963-01-01,a
LNNK,6.4,1963-01-01,a
LNNL,5.8,1963-01-01,a
LOJE,-0.6,1963-01-01,a
DMWN,2.1,1964-01-01,a
FZLN,69.9,1964-01-01,a
FZLR,-0.6,1964-01-01,a
LNNK,6.5,1964-01-01,a
LNNL,5.9,1964-01-01,a
LOJE,2.4,1964-01-01,a
DMWN,5.5,1965-01-01,a
FZLN,70,1965-01-01,a
FZLR,0.1,1965-01-01,a
LNNK,6.8,1965-01-01,a
LNNL,6.2,1965-01-01,a
LOJE,4.9,1965-01-01,a
DMWN,5.9,1966-01-01,a
FZLN,70.7,1966-01-01,a
FZLR,1.1,1966-01-01,a
LNNK,7.2,1966-01-01,a
LNNL,6.6,1966-01-01,a
LOJE,5.4,1966-01-01,a
DMWN,2.1,1967-01-01,a
FZLN,70.3,1967-01-01,a
FZLR,-0.6,1967-01-01,a
LNNK,7.3,1967-01-01,a
LNNL,6.7,1967-01-01,a
LOJE,1.5,1967-01-01,a
DMWN,1.4,1968-01-01,a
FZLN,68.9,1968-01-01,a
FZLR,-1.9,1968-01-01,a
LNNK,7.4,1968-01-01,a
LNNL,6.8,1968-01-01,a
LOJE,0.8,1968-01-01,a
DMWN,4.8,1969-01-01,a
FZLN,67.7,1969-01-01,a
FZLR,-1.8,1969-01-01,a
LNNK,7.7,1969-01-01,a
LNNL,7.1,1969-01-01,a
LOJE,5.1,1969-01-01,a
DMWN,9.2,1970-01-01,a
FZLN,67.1,1970-01-01,a
FZLR,-0.9,1970-01-01,a
LNNK,8.4,1970-01-01,a
LNNL,7.8,1970-01-01,a
LOJE,9.2,1970-01-01,a
DMWN,6,1971-01-01,a
FZLN,65.8,1971-01-01,a
FZLR,-1.9,1971-01-01,a
FZLT,3.9,1971-01-01,a
LNNK,8.9,1971-01-01,a
LNNL,8.3,1971-01-01,a
LOJE,5.5,1971-01-01,a
DMWN,8.5,1972-01-01,a
FZLN,65.2,1972-01-01,a
FZLR,-1,1972-01-01,a
FZLT,4.3,1972-01-01,a
FZLX,11.7,1972-01-01,a
LNNK,9.6,1972-01-01,a
LNNL,9,1972-01-01,a
LOJE,7.8,1972-01-01,a
DMWN,8.6,1973-01-01,a
FZLN,64.7,1973-01-01,a
FZLR,-0.6,1973-01-01,a
FZLT,4.9,1973-01-01,a
FZLX,13.9,1973-01-01,a
LNNK,10.3,1973-01-01,a
LNNL,9.7,1973-01-01,a
LOJE,7.8,1973-01-01,a
DMWN,21.9,1974-01-01,a
FZLN,67.9,1974-01-01,a
FZLR,4.8,1974-01-01,a
FZLT,5.9,1974-01-01,a
FZLX,19.8,1974-01-01,a
LNNK,12.5,1974-01-01,a
LNNL,11.9,1974-01-01,a
LOJE,21,1974-01-01,a
DMWN,32.2,1975-01-01,a
FZLN,70.8,1975-01-01,a
FZLR,4.3,1975-01-01,a
FZLT,7.8,1975-01-01,a
FZLX,33,1975-01-01,a
LNNK,16.5,1975-01-01,a
LNNL,15.7,1975-01-01,a
LOJE,31.4,1975-01-01,a
DMWN,11.1,1976-01-01,a
FZLN,69,1976-01-01,a
FZLR,-2.6,1976-01-01,a
FZLT,9,1976-01-01,a
FZLX,15.2,1976-01-01,a
LNNK,18,1976-01-01,a
LNNL,17.4,1976-01-01,a
LOJE,9.3,1976-01-01,a
DMWN,7.5,1977-01-01,a
FZLN,64.9,1977-01-01,a
FZLR,-5.9,1977-01-01,a
FZLT,9.8,1977-01-01,a
FZLX,9.1,1977-01-01,a
LNNK,19.4,1977-01-01,a
LNNL,18.7,1977-01-01,a
LOJE,8,1977-01-01,a
DMWN,10,1978-01-01,a
FZLN,63.6,1978-01-01,a
FZLR,-2,1978-01-01,a
FZLT,11.1,1978-01-01,a
FZLX,13.1,1978-01-01,a
LNNK,21.4,1978-01-01,a
LNNL,20.6,1978-01-01,a
LOJE,10.5,1978-01-01,a
DMWN,13.5,1979-01-01,a
FZLN,63.1,1979-01-01,a
FZLR,-0.8,1979-01-01,a
FZLT,12.9,1979-01-01,a
FZLX,16,1979-01-01,a
LNNK,24.4,1979-01-01,a
LNNL,23.4,1979-01-01,a
LOJE,13.9,1979-01-01,a
DMWN,21.1,1980-01-01,a
FZLN,63.9,1980-01-01,a
FZLR,1.2,1980-01-01,a
FZLT,15.6,1980-01-01,a
FZLX,21,1980-01-01,a
LNNK,29.6,1980-01-01,a
LNNL,28.3,1980-01-01,a
LOJE,21.2,1980-01-01,a
DMWN,9,1981-01-01,a
FZLN,62.6,1981-01-01,a
FZLR,-1.9,1981-01-01,a
FZLT,17.8,1981-01-01,a
FZLX,13.7,1981-01-01,a
LNNK,31.9,1981-01-01,a
LNNL,30.9,1981-01-01,a
LOJE,7.8,1981-01-01,a
DIX4,74.4,1982-01-01,a
DMWN,4.1,1982-01-01,a
FZLN,60.4,1982-01-01,a
FZLR,-3.5,1982-01-01,a
FZLT,19.3,1982-01-01,a
FZLX,8.7,1982-01-01,a
LNNK,33.4,1982-01-01,a
LNNL,32.1,1982-01-01,a
LOJE,4.6,1982-01-01,a
DIX4,75.7,1983-01-01,a
DJ4J,1.8,1983-01-01,a
DMWN,3.1,1983-01-01,a
FZLN,58.4,1983-01-01,a
FZLR,-3.3,1983-01-01,a
FZLT,20.9,1983-01-01,a
FZLX,8.2,1983-01-01,a
LNNK,34.4,1983-01-01,a
LNNL,33.1,1983-01-01,a
LOJE,3.1,1983-01-01,a
DIX4,78.5,1984-01-01,a
DJ4J,3.7,1984-01-01,a
DMWN,5.6,1984-01-01,a
FZLN,58.2,1984-01-01,a
FZLR,-0.4,1984-01-01,a
FZLT,21.8,1984-01-01,a
FZLX,4.5,1984-01-01,a
LNNK,36.3,1984-01-01,a
LNNL,35,1984-01-01,a
LOJE,5.6,1984-01-01,a
DIX4,82.8,1985-01-01,a
DJ4J,5.5,1985-01-01,a
DMWN,3.8,1985-01-01,a
FZLN,57,1985-01-01,a
FZLR,-2.1,1985-01-01,a
FZLT,23.2,1985-01-01,a
FZLX,6.2,1985-01-01,a
LNNK,38.2,1985-01-01,a
LNNL,36.3,1985-01-01,a
LOJE,5.3,1985-01-01,a
DIX4,86.1,1986-01-01,a
DJ4J,3.9,1986-01-01,a
DMWN,5.7,1986-01-01,a
FZLN,57.6,1986-01-01,a
FZLR,1.1,1986-01-01,a
FZLT,25,1986-01-01,a
FZLX,7.9,1986-01-01,a
LNNK,40.3,1986-01-01,a
LNNL,38.4,1986-01-01,a
LOJE,5.3,1986-01-01,a
DIX4,88.4,1987-01-01,a
DJ4J,2.7,1987-01-01,a
DMWN,2.2,1987-01-01,a
FZLN,55.6,1987-01-01,a
FZLR,-3.4,1987-01-01,a
FZLT,26.3,1987-01-01,a
FZLX,5.1,1987-01-01,a
LNNK,41.4,1987-01-01,a
LNNL,39.2,1987-01-01,a
LOJE,2.9,1987-01-01,a
DIX4,91,1988-01-01,a
DJ4J,2.9,1988-01-01,a
DMWN,5.9,1988-01-01,a
FZLN,55.2,1988-01-01,a
FZLR,-0.7,1988-01-01,a
FZLT,28.2,1988-01-01,a
FZLX,7.2,1988-01-01,a
LNNK,44.2,1988-01-01,a
LNNL,41.6,1988-01-01,a
LOJE,6.6,1988-01-01,a
DIX4,95.5,1989-01-01,a
DJ4J,5,1989-01-01,a
DMWN,8.7,1989-01-01,a
FZLN,55.4,1989-01-01,a
FZLR,0.2,1989-01-01,a
FZLT,30.5,1989-01-01,a
FZLX,8.2,1989-01-01,a
LNNK,48.2,1989-01-01,a
LNNL,45.2,1989-01-01,a
LOJE,9,1989-01-01,a
DIX4,101.5,1990-01-01,a
DJ4J,6.3,1990-01-01,a
DMWN,9.5,1990-01-01,a
FZLN,56,1990-01-01,a
FZLR,1.1,1990-01-01,a
FZLT,33.9,1990-01-01,a
FZLX,11.1,1990-01-01,a
LNNK,52.7,1990-01-01,a
LNNL,49.5,1990-01-01,a
LOJE,9.3,1990-01-01,a
DIX4,105.7,1991-01-01,a
DJ4J,4.2,1991-01-01,a
DMWN,7.7,1991-01-01,a
FZLN,57,1991-01-01,a
FZLR,1.8,1991-01-01,a
FZLT,37.6,1991-01-01,a
FZLX,10.9,1991-01-01,a
LNNK,56.4,1991-01-01,a
LNNL,53.3,1991-01-01,a
LOJE,7.1,1991-01-01,a
DIX4,106,1992-01-01,a
DJ4J,0.2,1992-01-01,a
DMWN,3.5,1992-01-01,a
FZLN,57.2,1992-01-01,a
FZLR,0.4,1992-01-01,a
FZLT,40.1,1992-01-01,a
FZLX,6.8,1992-01-01,a
LNNK,58,1992-01-01,a
LNNL,55.1,1992-01-01,a
LOJE,2.8,1992-01-01,a
DIX4,106.3,1993-01-01,a
DJ4J,0.3,1993-01-01,a
DMWN,1.2,1993-01-01,a
FZLN,55.9,1993-01-01,a
FZLR,-2.3,1993-01-01,a
FZLT,42,1993-01-01,a
FZLX,4.5,1993-01-01,a
LNNK,58.2,1993-01-01,a
LNNL,55.8,1993-01-01,a
LOJE,0.5,1993-01-01,a
DIX4,108.1,1994-01-01,a
DJ4J,1.7,1994-01-01,a
DMWN,0.2,1994-01-01,a
FZLN,55,1994-01-01,a
FZLR,-1.6,1994-01-01,a
FZLT,42.8,1994-01-01,a
FZLX,2.1,1994-01-01,a
LNNK,58.5,1994-01-01,a
LNNL,55.9,1994-01-01,a
LOJE,0.4,1994-01-01,a
DIX4,114.4,1995-01-01,a
DJ4J,5.8,1995-01-01,a
DMWN,2.7,1995-01-01,a
FZLN,55,1995-01-01,a
FZLR,0,1995-01-01,a
FZLT,44.2,1995-01-01,a
FZLX,3.3,1995-01-01,a
LNNK,60,1995-01-01,a
LNNL,57.4,1995-01-01,a
LOJE,2.6,1995-01-01,a
DIX4,119.5,1996-01-01,a
DJ4J,4.4,1996-01-01,a
DMWN,3.3,1996-01-01,a
FZLN,53.9,1996-01-01,a
FZLR,-2.1,1996-01-01,a
FZLT,46,1996-01-01,a
FZLX,4,1996-01-01,a
LNNK,61.8,1996-01-01,a
LNNL,59.3,1996-01-01,a
LOJE,3,1996-01-01,a
DIX4,123.5,1997-01-01,a
DJ4J,3.4,1997-01-01,a
DMWN,4.3,1997-01-01,a
FZLN,55.3,1997-01-01,a
FZLR,2.6,1997-01-01,a
FZLT,48.4,1997-01-01,a
FZLX,5.2,1997-01-01,a
LNNK,65.3,1997-01-01,a
LNNL,61.9,1997-01-01,a
LOJE,5.7,1997-01-01,a
DIX4,123.4,1998-01-01,a
DJ4J,-0.1,1998-01-01,a
DMWN,2,1998-01-01,a
FZLN,55.6,1998-01-01,a
FZLR,0.7,1998-01-01,a
FZLT,50.5,1998-01-01,a
FZLX,4.4,1998-01-01,a
LNNK,66.3,1998-01-01,a
LNNL,63.1,1998-01-01,a
LOJE,1.6,1998-01-01,a
DIX4,118.2,1999-01-01,a
DJ4J,-4.3,1999-01-01,a
DMWN,4.9,1999-01-01,a
FZLN,57.8,1999-01-01,a
FZLR,4,1999-01-01,a
FZLT,54.1,1999-01-01,a
FZLX,7.2,1999-01-01,a
LNNK,69.3,1999-01-01,a
LNNL,66.2,1999-01-01,a
LOJE,4.6,1999-01-01,a
DIX4,113.7,2000-01-01,a
DJ4J,-3.8,2000-01-01,a
DMWN,2.9,2000-01-01,a
FZLN,58.9,2000-01-01,a
FZLR,1.8,2000-01-01,a
FZLT,57.9,2000-01-01,a
FZLX,7,2000-01-01,a
LNNK,70.8,2000-01-01,a
LNNL,68.1,2000-01-01,a
LOJE,2.2,2000-01-01,a
DIX4,110,2001-01-01,a
DJ4J,-3.3,2001-01-01,a
DMWN,4.2,2001-01-01,a
FZLN,60.1,2001-01-01,a
FZLR,2,2001-01-01,a
FZLT,61,2001-01-01,a
FZLX,5.4,2001-01-01,a
LNNK,73.9,2001-01-01,a
LNNL,71,2001-01-01,a
LOJE,4.3,2001-01-01,a
DIX4,104.9,2002-01-01,a
DJ4J,-4.7,2002-01-01,a
DMWN,0.9,2002-01-01,a
FZLN,59.2,2002-01-01,a
FZLR,-1.5,2002-01-01,a
FZLT,62.7,2002-01-01,a
FZLX,2.7,2002-01-01,a
LNNK,74.7,2002-01-01,a
LNNL,71.7,2002-01-01,a
LOJE,1.1,2002-01-01,a
DIX4,99.8,2003-01-01,a
DJ4J,-4.8,2003-01-01,a
DMWN,1.8,2003-01-01,a
FZLN,58.7,2003-01-01,a
FZLR,-0.9,2003-01-01,a
FZLT,65.5,2003-01-01,a
FZLX,4.5,2003-01-01,a
LNNK,75.7,2003-01-01,a
LNNL,73,2003-01-01,a
LOJE,1.4,2003-01-01,a
DIX4,98.1,2004-01-01,a
DJ4J,-1.7,2004-01-01,a
DMWN,4.3,2004-01-01,a
FZLN,59.5,2004-01-01,a
FZLR,1.5,2004-01-01,a
FZLT,69.1,2004-01-01,a
FZLX,5.6,2004-01-01,a
LNNK,78.5,2004-01-01,a
LNNL,76.1,2004-01-01,a
LOJE,3.8,2004-01-01,a
DIX4,95.3,2005-01-01,a
DJ4J,-2.8,2005-01-01,a
DMWN,2.8,2005-01-01,a
FZLN,59.3,2005-01-01,a
FZLR,-0.4,2005-01-01,a
FZLT,72.2,2005-01-01,a
FZLX,4.5,2005-01-01,a
LNNK,79.9,2005-01-01,a
LNNL,78.2,2005-01-01,a
LOJE,1.7,2005-01-01,a
DIX4,91.3,2006-01-01,a
DJ4J,-4.2,2006-01-01,a
DMWN,3.6,2006-01-01,a
FZLN,59.7,2006-01-01,a
FZLR,0.6,2006-01-01,a
FZLT,76,2006-01-01,a
FZLX,5.2,2006-01-01,a
LNNK,82.4,2006-01-01,a
LNNL,81,2006-01-01,a
LOJE,3.2,2006-01-01,a
DIX4,91.9,2007-01-01,a
DJ4J,0.6,2007-01-01,a
DMWN,3.5,2007-01-01,a
FZLN,60.4,2007-01-01,a
FZLR,1.2,2007-01-01,a
FZLT,80,2007-01-01,a
FZLX,5.2,2007-01-01,a
LNNK,85.7,2007-01-01,a
LNNL,83.9,2007-01-01,a
LOJE,4,2007-01-01,a
DIX4,91.3,2008-01-01,a
DJ4J,-0.6,2008-01-01,a
DMWN,1.5,2008-01-01,a
FZLN,59.2,2008-01-01,a
FZLR,-2.1,2008-01-01,a
FZLT,80.8,2008-01-01,a
FZLX,1,2008-01-01,a
LNNK,87.6,2008-01-01,a
LNNL,85.1,2008-01-01,a
LOJE,2.1,2008-01-01,a
DIX4,94.9,2009-01-01,a
DJ4J,3.9,2009-01-01,a
DMWN,3.9,2009-01-01,a
FZLN,60,2009-01-01,a
FZLR,1.4,2009-01-01,a
FZLT,82.5,2009-01-01,a
FZLX,2.2,2009-01-01,a
LNNK,90.2,2009-01-01,a
LNNL,88.4,2009-01-01,a
LOJE,3,2009-01-01,a
DIX4,94.8,2010-01-01,a
DJ4J,-0.1,2010-01-01,a
DMWN,0.2,2010-01-01,a
FZLN,60.2,2010-01-01,a
FZLR,0.3,2010-01-01,a
FZLT,84.3,2010-01-01,a
FZLX,2.2,2010-01-01,a
LNNK,88.6,2010-01-01,a
LNNL,88.5,2010-01-01,a
LOJE,-1.8,2010-01-01,a
DIX4,96.6,2011-01-01,a
DJ4J,2,2011-01-01,a
DMWN,0.8,2011-01-01,a
FZLN,59.9,2011-01-01,a
FZLR,-0.5,2011-01-01,a
FZLT,85.7,2011-01-01,a
FZLX,1.6,2011-01-01,a
LNNK,89.8,2011-01-01,a
LNNL,89.2,2011-01-01,a
LOJE,1.4,2011-01-01,a
DIX4,96.8,2012-01-01,a
DJ4J,0.1,2012-01-01,a
DMWN,0.1,2012-01-01,a
FZLN,59.2,2012-01-01,a
FZLR,-1.2,2012-01-01,a
FZLT,85.4,2012-01-01,a
FZLX,-0.3,2012-01-01,a
LNNK,89.5,2012-01-01,a
LNNL,89.3,2012-01-01,a
LOJE,-0.4,2012-01-01,a
DIX4,94.6,2013-01-01,a
DJ4J,-2.2,2013-01-01,a
DMWN,2.3,2013-01-01,a
FZLN,59.3,2013-01-01,a
FZLR,0.2,2013-01-01,a
FZLT,87.3,2013-01-01,a
FZLX,2.2,2013-01-01,a
LNNK,92.1,2013-01-01,a
LNNL,91.3,2013-01-01,a
LOJE,2.9,2013-01-01,a
DIX4,94.2,2014-01-01,a
DJ4J,-0.5,2014-01-01,a
DMWN,-0.7,2014-01-01,a
FZLN,58.2,2014-01-01,a
FZLR,-1.9,2014-01-01,a
FZLT,87,2014-01-01,a
FZLX,-0.3,2014-01-01,a
LNNK,92.4,2014-01-01,a
LNNL,90.6,2014-01-01,a
LOJE,0.3,2014-01-01,a
DIX4,95.8,2015-01-01,a
DJ4J,1.8,2015-01-01,a
DMWN,1.4,2015-01-01,a
FZLN,58.4,2015-01-01,a
FZLR,0.4,2015-01-01,a
FZLT,88.8,2015-01-01,a
FZLX,2,2015-01-01,a
LNNK,93.5,2015-01-01,a
LNNL,91.9,2015-01-01,a
LOJE,1.2,2015-01-01,a
DIX4,98.4,2016-01-01,a
DJ4J,2.7,2016-01-01,a
DMWN,1.5,2016-01-01,a
FZLN,58.3,2016-01-01,a
FZLR,-0.3,2016-01-01,a
FZLT,90.9,2016-01-01,a
FZLX,2.4,2016-01-01,a
LNNK,94.4,2016-01-01,a
LNNL,93.2,2016-01-01,a
LOJE,1,2016-01-01,a
DIX4,100.6,2017-01-01,a
DJ4J,2.3,2017-01-01,a
DMWN,1.7,2017-01-01,a
FZLN,58.2,2017-01-01,a
FZLR,-0.1,2017-01-01,a
FZLT,93.7,2017-01-01,a
FZLX,3.1,2017-01-01,a
LNNK,95.5,2017-01-01,a
LNNL,94.8,2017-01-01,a
LOJE,1.2,2017-01-01,a
DIX4,99.8,2018-01-01,a
DJ4J,-0.8,2018-01-01,a
DMWN,2.7,2018-01-01,a
FZLN,58.7,2018-01-01,a
FZLR,0.9,2018-01-01,a
FZLT,97,2018-01-01,a
FZLX,3.5,2018-01-01,a
LNNK,98.1,2018-01-01,a
LNNL,97.3,2018-01-01,a
LOJE,2.7,2018-01-01,a
DIX4,100,2019-01-01,a
DJ4J,0.2,2019-01-01,a
DMWN,2.8,2019-01-01,a
FZLN,59.2,2019-01-01,a
FZLR,0.7,2019-01-01,a
FZLT,100,2019-01-01,a
FZLX,3.1,2019-01-01,a
LNNK,100,2019-01-01,a
LNNL,100,2019-01-01,a
LOJE,1.9,2019-01-01,a
DIX4,90.5,2020-01-01,a
DJ4J,-9.5,2020-01-01,a
DMWN,6.2,2020-01-01,a
FZLN,59.3,2020-01-01,a
FZLR,0.2,2020-01-01,a
FZLT,106.2,2020-01-01,a
FZLX,6.2,2020-01-01,a
LNNK,105.4,2020-01-01,a
LNNL,106.2,2020-01-01,a
LOJE,5.4,2020-01-01,a
DIX4,86.5,2021-01-01,a
DJ4J,-4.5,2021-01-01,a
DMWN,1.4,2021-01-01,a
FZLN,60,2021-01-01,a
FZLR,1.2,2021-01-01,a
FZLT,108.9,2021-01-01,a
FZLX,2.6,2021-01-01,a
LNNK,107.8,2021-01-01,a
LNNL,107.7,2021-01-01,a
LOJE,2.2,2021-01-01,a
DIX4,98,2022-01-01,a
DJ4J,13.3,2022-01-01,a
DMWN,5.4,2022-01-01,a
FZLN,59.6,2022-01-01,a
FZLR,-0.6,2022-01-01,a
FZLT,115.2,2022-01-01,a
FZLX,5.8,2022-01-01,a
LNNK,113.6,2022-01-01,a
LNNL,113.5,2022-01-01,a
LOJE,5.4,2022-01-01,a
FZLN,71.8,1955-01-01,q
LNNK,5,1955-01-01,q
LNNL,4.5,1955-01-01,q
DMWL,2.4,1955-04-01,q
DMWO,2.5,1955-04-01,q
FZLN,72,1955-04-01,q
FZLP,0.4,1955-04-01,q
FZLR,0.3,1955-04-01,q
LNNK,5.1,1955-04-01,q
LNNL,4.6,1955-04-01,q
DMWL,0.6,1955-07-01,q
DMWO,0.6,1955-07-01,q
FZLN,71.4,1955-07-01,q
FZLP,-0.8,1955-07-01,q
FZLR,-0.8,1955-07-01,q
LNNK,5.2,1955-07-01,q
LNNL,4.6,1955-07-01,q
DMWL,2.3,1955-10-01,q
DMWO,2.2,1955-10-01,q
FZLN,71.5,1955-10-01,q
FZLP,0.1,1955-10-01,q
FZLR,0.1,1955-10-01,q
LNNK,5.3,1955-10-01,q
LNNL,4.7,1955-10-01,q
DMWL,1.1,1956-01-01,q
DMWN,6.2,1956-01-01,q
DMWO,0.8,1956-01-01,q
FZLN,71.1,1956-01-01,q
FZLP,-0.5,1956-01-01,q
FZLR,-0.9,1956-01-01,q
LNNK,5.3,1956-01-01,q
LNNL,4.8,1956-01-01,q
LOJE,6.5,1956-01-01,q
DMWL,2.6,1956-04-01,q
DMWN,6.4,1956-04-01,q
DMWO,2.7,1956-04-01,q
FZLN,72.5,1956-04-01,q
FZLP,1.9,1956-04-01,q
FZLR,0.6,1956-04-01,q
LNNK,5.5,1956-04-01,q
LNNL,4.9,1956-04-01,q
LOJE,6.6,1956-04-01,q
DMWL,1.6,1956-07-01,q
DMWN,7.5,1956-07-01,q
DMWO,1.6,1956-07-01,q
FZLN,72.2,1956-07-01,q
FZLP,-0.4,1956-07-01,q
FZLR,1,1956-07-01,q
LNNK,5.6,1956-07-01,q
LNNL,5,1956-07-01,q
LOJE,7.7,1956-07-01,q
DMWL,1.1,1956-10-01,q
DMWN,6.3,1956-10-01,q
DMWO,1.1,1956-10-01,q
FZLN,71.6,1956-10-01,q
FZLP,-0.7,1956-10-01,q
FZLR,0.2,1956-10-01,q
LNNK,5.6,1956-10-01,q
LNNL,5,1956-10-01,q
LOJE,6.4,1956-10-01,q
DMWL,-1.1,1957-01-01,q
DMWN,4.5,1957-01-01,q
DMWO,-0.9,1957-01-01,q
FZLN,72.8,1957-01-01,q
FZLP,1.7,1957-01-01,q
FZLR,2.4,1957-01-01,q
LNNK,5.6,1957-01-01,q
LNNL,5,1957-01-01,q
LOJE,4.1,1957-01-01,q
DMWL,0.4,1957-04-01,q
DMWN,2.1,1957-04-01,q
DMWO,0.4,1957-04-01,q
FZLN,71.5,1957-04-01,q
FZLP,-1.8,1957-04-01,q
FZLR,-1.3,1957-04-01,q
LNNK,5.6,1957-04-01,q
LNNL,5,1957-04-01,q
LOJE,1.9,1957-04-01,q
DMWL,3.2,1957-07-01,q
DMWN,3.6,1957-07-01,q
DMWO,3.1,1957-07-01,q
FZLN,71.7,1957-07-01,q
FZLP,0.3,1957-07-01,q
FZLR,-0.6,1957-07-01,q
LNNK,5.8,1957-07-01,q
LNNL,5.2,1957-07-01,q
LOJE,3.6,1957-07-01,q
DMWL,0.6,1957-10-01,q
DMWN,2.9,1957-10-01,q
DMWO,0.3,1957-10-01,q
FZLN,70.6,1957-10-01,q
FZLP,-1.6,1957-10-01,q
FZLR,-1.5,1957-10-01,q
LNNK,5.8,1957-10-01,q
LNNL,5.2,1957-10-01,q
LOJE,3.1,1957-10-01,q
DMWL,-1.1,1958-01-01,q
DMWN,3.1,1958-01-01,q
DMWO,-0.8,1958-01-01,q
FZLN,70.1,1958-01-01,q
FZLP,-0.7,1958-01-01,q
FZLR,-3.8,1958-01-01,q
LNNK,5.7,1958-01-01,q
LNNL,5.1,1958-01-01,q
LOJE,3.1,1958-01-01,q
DMWL,1.7,1958-04-01,q
DMWN,5,1958-04-01,q
DMWO,2.3,1958-04-01,q
FZLN,70.7,1958-04-01,q
FZLP,0.9,1958-04-01,q
FZLR,-1.2,1958-04-01,q
LNNK,5.8,1958-04-01,q
LNNL,5.3,1958-04-01,q
LOJE,4.4,1958-04-01,q
DMWL,-1.6,1958-07-01,q
DMWN,0.2,1958-07-01,q
DMWO,-1.6,1958-07-01,q
FZLN,70.4,1958-07-01,q
FZLP,-0.4,1958-07-01,q
FZLR,-1.8,1958-07-01,q
LNNK,5.7,1958-07-01,q
LNNL,5.2,1958-07-01,q
LOJE,-0.5,1958-07-01,q
DMWL,1.8,1958-10-01,q
DMWN,1.6,1958-10-01,q
DMWO,1.7,1958-10-01,q
FZLN,70.7,1958-10-01,q
FZLP,0.4,1958-10-01,q
FZLR,0.2,1958-10-01,q
LNNK,5.8,1958-10-01,q
LNNL,5.3,1958-10-01,q
LOJE,0.7,1958-10-01,q
DMWL,0.3,1959-01-01,q
DMWN,2.7,1959-01-01,q
DMWO,0.3,1959-01-01,q
FZLN,70.7,1959-01-01,q
FZLP,0.1,1959-01-01,q
FZLR,0.9,1959-01-01,q
LNNK,5.9,1959-01-01,q
LNNL,5.3,1959-01-01,q
LOJE,2.2,1959-01-01,q
DMWL,0,1959-04-01,q
DMWN,0.5,1959-04-01,q
DMWO,0.1,1959-04-01,q
FZLN,70.3,1959-04-01,q
FZLP,-0.7,1959-04-01,q
FZLR,-0.6,1959-04-01,q
LNNK,5.9,1959-04-01,q
LNNL,5.3,1959-04-01,q
LOJE,0.5,1959-04-01,q
DMWL,-1.3,1959-07-01,q
DMWN,0.9,1959-07-01,q
DMWO,-1.2,1959-07-01,q
FZLN,70,1959-07-01,q
FZLP,-0.4,1959-07-01,q
FZLR,-0.6,1959-07-01,q
LNNK,5.8,1959-07-01,q
LNNL,5.2,1959-07-01,q
LOJE,0.9,1959-07-01,q
DMWL,0,1959-10-01,q
DMWN,-1,1959-10-01,q
DMWO,-0.1,1959-10-01,q
FZLN,69.4,1959-10-01,q
FZLP,-0.8,1959-10-01,q
FZLR,-1.8,1959-10-01,q
LNNK,5.8,1959-10-01,q
LNNL,5.2,1959-10-01,q
LOJE,-0.9,1959-10-01,q
DMWL,-1.5,1960-01-01,q
DMWN,-3,1960-01-01,q
DMWO,-1.8,1960-01-01,q
FZLN,67.5,1960-01-01,q
FZLP,-2.7,1960-01-01,q
FZLR,-4.5,1960-01-01,q
LNNK,5.7,1960-01-01,q
LNNL,5.1,1960-01-01,q
LOJE,-2.8,1960-01-01,q
DMWL,3.5,1960-04-01,q
DMWN,0.2,1960-04-01,q
DMWO,3.4,1960-04-01,q
FZLN,68.6,1960-04-01,q
FZLP,1.6,1960-04-01,q
FZLR,-2.4,1960-04-01,q
LNNK,5.9,1960-04-01,q
LNNL,5.3,1960-04-01,q
LOJE,0.6,1960-04-01,q
DMWL,0.8,1960-07-01,q
DMWN,2.1,1960-07-01,q
DMWO,0.6,1960-07-01,q
FZLN,68.7,1960-07-01,q
FZLP,0.2,1960-07-01,q
FZLR,-1.8,1960-07-01,q
LNNK,5.9,1960-07-01,q
LNNL,5.3,1960-07-01,q
LOJE,2.7,1960-07-01,q
DMWL,0,1960-10-01,q
DMWN,2.3,1960-10-01,q
DMWO,0.1,1960-10-01,q
FZLN,68.4,1960-10-01,q
FZLP,-0.5,1960-10-01,q
FZLR,-1.4,1960-10-01,q
LNNK,5.9,1960-10-01,q
LNNL,5.3,1960-10-01,q
LOJE,2.7,1960-10-01,q
DMWL,1.1,1961-01-01,q
DMWN,5.1,1961-01-01,q
DMWO,0.9,1961-01-01,q
FZLN,68.5,1961-01-01,q
FZLP,0.1,1961-01-01,q
FZLR,1.4,1961-01-01,q
LNNK,6,1961-01-01,q
LNNL,5.4,1961-01-01,q
LOJE,5.5,1961-01-01,q
DMWL,2,1961-04-01,q
DMWN,4.2,1961-04-01,q
DMWO,2.5,1961-04-01,q
FZLN,70.3,1961-04-01,q
FZLP,2.6,1961-04-01,q
FZLR,2.5,1961-04-01,q
LNNK,6.1,1961-04-01,q
LNNL,5.5,1961-04-01,q
LOJE,4,1961-04-01,q
DMWL,1.1,1961-07-01,q
DMWN,3.5,1961-07-01,q
DMWO,0,1961-07-01,q
FZLN,67.9,1961-07-01,q
FZLP,-3.4,1961-07-01,q
FZLR,-1.2,1961-07-01,q
LNNK,6.2,1961-07-01,q
LNNL,5.5,1961-07-01,q
LOJE,4.4,1961-07-01,q
DMWL,1.2,1961-10-01,q
DMWN,7.6,1961-10-01,q
DMWO,4,1961-10-01,q
FZLN,70.9,1961-10-01,q
FZLP,4.5,1961-10-01,q
FZLR,3.7,1961-10-01,q
LNNK,6.3,1961-10-01,q
LNNL,5.7,1961-10-01,q
LOJE,5.6,1961-10-01,q
DMWL,0.7,1962-01-01,q
DMWN,5.6,1962-01-01,q
DMWO,-1,1962-01-01,q
FZLN,69.6,1962-01-01,q
FZLP,-1.8,1962-01-01,q
FZLR,1.7,1962-01-01,q
LNNK,6.3,1962-01-01,q
LNNL,5.7,1962-01-01,q
LOJE,5.2,1962-01-01,q
DMWL,0.6,1962-04-01,q
DMWN,4.2,1962-04-01,q
DMWO,1.2,1962-04-01,q
FZLN,69.9,1962-04-01,q
FZLP,0.3,1962-04-01,q
FZLR,-0.6,1962-04-01,q
LNNK,6.4,1962-04-01,q
LNNL,5.8,1962-04-01,q
LOJE,3.7,1962-04-01,q
DMWL,1,1962-07-01,q
DMWN,5,1962-07-01,q
DMWO,0.8,1962-07-01,q
FZLN,69.6,1962-07-01,q
FZLP,-0.4,1962-07-01,q
FZLR,2.4,1962-07-01,q
LNNK,6.4,1962-07-01,q
LNNL,5.8,1962-07-01,q
LOJE,3.6,1962-07-01,q
DMWL,0.8,1962-10-01,q
DMWN,1.3,1962-10-01,q
DMWO,0.4,1962-10-01,q
FZLN,69.4,1962-10-01,q
FZLP,-0.3,1962-10-01,q
FZLR,-2.2,1962-10-01,q
LNNK,6.5,1962-10-01,q
LNNL,5.8,1962-10-01,q
LOJE,3.1,1962-10-01,q
DMWL,-0.9,1963-01-01,q
DMWN,2.3,1963-01-01,q
DMWO,-0.1,1963-01-01,q
FZLN,72.2,1963-01-01,q
FZLP,4.1,1963-01-01,q
FZLR,3.7,1963-01-01,q
LNNK,6.4,1963-01-01,q
LNNL,5.8,1963-01-01,q
LOJE,1.5,1963-01-01,q
DMWL,-2,1963-04-01,q
DMWN,-1.2,1963-04-01,q
DMWO,-2.3,1963-04-01,q
FZLN,69.7,1963-04-01,q
FZLP,-3.4,1963-04-01,q
FZLR,-0.2,1963-04-01,q
LNNK,6.3,1963-04-01,q
LNNL,5.7,1963-04-01,q
LOJE,-1.1,1963-04-01,q
DMWL,1.5,1963-07-01,q
DMWN,-0.1,1963-07-01,q
DMWO,2,1963-07-01,q
FZLN,70.1,1963-07-01,q
FZLP,0.6,1963-07-01,q
FZLR,0.8,1963-07-01,q
LNNK,6.4,1963-07-01,q
LNNL,5.8,1963-07-01,q
LOJE,-0.7,1963-07-01,q
DMWL,-0.5,1963-10-01,q
DMWN,-1.1,1963-10-01,q
DMWO,-0.7,1963-10-01,q
FZLN,69.3,1963-10-01,q
FZLP,-1.2,1963-10-01,q
FZLR,-0.1,1963-10-01,q
LNNK,6.3,1963-10-01,q
LNNL,5.8,1963-10-01,q
LOJE,-1.9,1963-10-01,q
DMWL,0.7,1964-01-01,q
DMWN,-0.5,1964-01-01,q
DMWO,0.6,1964-01-01,q
FZLN,70.3,1964-01-01,q
FZLP,1.5,1964-01-01,q
FZLR,-2.6,1964-01-01,q
LNNK,6.4,1964-01-01,q
LNNL,5.8,1964-01-01,q
LOJE,-0.3,1964-01-01,q
DMWL,0.7,1964-04-01,q
DMWN,2.4,1964-04-01,q
DMWO,0.5,1964-04-01,q
FZLN,69.6,1964-04-01,q
FZLP,-1,1964-04-01,q
FZLR,-0.2,1964-04-01,q
LNNK,6.4,1964-04-01,q
LNNL,5.8,1964-04-01,q
LOJE,2.5,1964-04-01,q
DMWL,1.9,1964-07-01,q
DMWN,2.5,1964-07-01,q
DMWO,2,1964-07-01,q
FZLN,69.5,1964-07-01,q
FZLP,-0.1,1964-07-01,q
FZLR,-0.8,1964-07-01,q
LNNK,6.6,1964-07-01,q
LNNL,5.9,1964-07-01,q
LOJE,2.9,1964-07-01,q
DMWL,0.9,1964-10-01,q
DMWN,4,1964-10-01,q
DMWO,0.8,1964-10-01,q
FZLN,70.1,1964-10-01,q
FZLP,0.7,1964-10-01,q
FZLR,1.1,1964-10-01,q
LNNK,6.6,1964-10-01,q
LNNL,6,1964-10-01,q
LOJE,4.3,1964-10-01,q
DMWL,0.8,1965-01-01,q
DMWN,4.2,1965-01-01,q
DMWO,0.9,1965-01-01,q
FZLN,69.4,1965-01-01,q
FZLP,-1,1965-01-01,q
FZLR,-1.3,1965-01-01,q
LNNK,6.7,1965-01-01,q
LNNL,6,1965-01-01,q
LOJE,4.4,1965-01-01,q
DMWL,1.1,1965-04-01,q
DMWN,5.5,1965-04-01,q
DMWO,1.7,1965-04-01,q
FZLN,70,1965-04-01,q
FZLP,0.8,1965-04-01,q
FZLR,0.5,1965-04-01,q
LNNK,6.7,1965-04-01,q
LNNL,6.1,1965-04-01,q
LOJE,4.7,1965-04-01,q
DMWL,2.2,1965-07-01,q
DMWN,5.9,1965-07-01,q
DMWO,2.4,1965-07-01,q
FZLN,70.1,1965-07-01,q
FZLP,0.2,1965-07-01,q
FZLR,0.8,1965-07-01,q
LNNK,6.9,1965-07-01,q
LNNL,6.3,1965-07-01,q
LOJE,5.1,1965-07-01,q
DMWL,1.1,1965-10-01,q
DMWN,6.3,1965-10-01,q
DMWO,1.2,1965-10-01,q
FZLN,70.4,1965-10-01,q
FZLP,0.4,1965-10-01,q
FZLR,0.5,1965-10-01,q
LNNK,7,1965-10-01,q
LNNL,6.4,1965-10-01,q
LOJE,5.3,1965-10-01,q
DMWL,2.3,1966-01-01,q
DMWN,7.7,1966-01-01,q
DMWO,2.2,1966-01-01,q
FZLN,71.1,1966-01-01,q
FZLP,1,1966-01-01,q
FZLR,2.4,1966-01-01,q
LNNK,7.1,1966-01-01,q
LNNL,6.5,1966-01-01,q
LOJE,6.9,1966-01-01,q
DMWL,0.8,1966-04-01,q
DMWN,6.9,1966-04-01,q
DMWO,0.9,1966-04-01,q
FZLN,71.2,1966-04-01,q
FZLP,0.2,1966-04-01,q
FZLR,1.8,1966-04-01,q
LNNK,7.2,1966-04-01,q
LNNL,6.6,1966-04-01,q
LOJE,6.6,1966-04-01,q
DMWL,0,1966-07-01,q
DMWN,4.7,1966-07-01,q
DMWO,0.4,1966-07-01,q
FZLN,70.1,1966-07-01,q
FZLP,-1.6,1966-07-01,q
FZLR,-0.1,1966-07-01,q
LNNK,7.2,1966-07-01,q
LNNL,6.6,1966-07-01,q
LOJE,4.2,1966-07-01,q
DMWL,1,1966-10-01,q
DMWN,4.6,1966-10-01,q
DMWO,1,1966-10-01,q
FZLN,70.5,1966-10-01,q
FZLP,0.6,1966-10-01,q
FZLR,0.2,1966-10-01,q
LNNK,7.3,1966-10-01,q
LNNL,6.7,1966-10-01,q
LOJE,4.1,1966-10-01,q
DMWL,-1.7,1967-01-01,q
DMWN,1,1967-01-01,q
DMWO,-1.3,1967-01-01,q
FZLN,69.8,1967-01-01,q
FZLP,-1,1967-01-01,q
FZLR,-1.7,1967-01-01,q
LNNK,7.1,1967-01-01,q
LNNL,6.6,1967-01-01,q
LOJE,0,1967-01-01,q
DMWL,2.3,1967-04-01,q
DMWN,2.2,1967-04-01,q
DMWO,2.2,1967-04-01,q
FZLN,69.7,1967-04-01,q
FZLP,-0.2,1967-04-01,q
FZLR,-2.2,1967-04-01,q
LNNK,7.3,1967-04-01,q
LNNL,6.7,1967-04-01,q
LOJE,1.6,1967-04-01,q
DMWL,0.7,1967-07-01,q
DMWN,2.6,1967-07-01,q
DMWO,0.8,1967-07-01,q
FZLN,71,1967-07-01,q
FZLP,1.9,1967-07-01,q
FZLR,1.4,1967-07-01,q
LNNK,7.3,1967-07-01,q
LNNL,6.8,1967-07-01,q
LOJE,2.3,1967-07-01,q
DMWL,0.9,1967-10-01,q
DMWN,2.7,1967-10-01,q
DMWO,1.1,1967-10-01,q
FZLN,70.6,1967-10-01,q
FZLP,-0.6,1967-10-01,q
FZLR,0.1,1967-10-01,q
LNNK,7.4,1967-10-01,q
LNNL,6.8,1967-10-01,q
LOJE,2.2,1967-10-01,q
DMWL,-0.8,1968-01-01,q
DMWN,3.2,1968-01-01,q
DMWO,-0.8,1968-01-01,q
FZLN,70.3,1968-01-01,q
FZLP,-0.5,1968-01-01,q
FZLR,0.6,1968-01-01,q
LNNK,7.4,1968-01-01,q
LNNL,6.8,1968-01-01,q
LOJE,3,1968-01-01,q
DMWL,-0.4,1968-04-01,q
DMWN,1.1,1968-04-01,q
DMWO,0,1968-04-01,q
FZLN,69.1,1968-04-01,q
FZLP,-1.6,1968-04-01,q
FZLR,-0.8,1968-04-01,q
LNNK,7.3,1968-04-01,q
LNNL,6.8,1968-04-01,q
LOJE,0.3,1968-04-01,q
DMWL,-0.1,1968-07-01,q
DMWN,0.2,1968-07-01,q
DMWO,-0.1,1968-07-01,q
FZLN,68.2,1968-07-01,q
FZLP,-1.4,1968-07-01,q
FZLR,-4,1968-07-01,q
LNNK,7.3,1968-07-01,q
LNNL,6.8,1968-07-01,q
LOJE,-0.5,1968-07-01,q
DMWL,1.9,1968-10-01,q
DMWN,1,1968-10-01,q
DMWO,1.9,1968-10-01,q
FZLN,68.4,1968-10-01,q
FZLP,0.3,1968-10-01,q
FZLR,-3.2,1968-10-01,q
LNNK,7.5,1968-10-01,q
LNNL,6.9,1968-10-01,q
LOJE,0.6,1968-10-01,q
DMWL,2.7,1969-01-01,q
DMWN,4.1,1969-01-01,q
DMWO,2.2,1969-01-01,q
FZLN,67.8,1969-01-01,q
FZLP,-0.8,1969-01-01,q
FZLR,-3.4,1969-01-01,q
LNNK,7.7,1969-01-01,q
LNNL,7.1,1969-01-01,q
LOJE,4.2,1969-01-01,q
DMWL,-0.3,1969-04-01,q
DMWN,4,1969-04-01,q
DMWO,-0.1,1969-04-01,q
FZLN,68,1969-04-01,q
FZLP,0.3,1969-04-01,q
FZLR,-1.6,1969-04-01,q
LNNK,7.6,1969-04-01,q
LNNL,7,1969-04-01,q
LOJE,4.3,1969-04-01,q
DMWL,0.9,1969-07-01,q
DMWN,4.9,1969-07-01,q
DMWO,0.8,1969-07-01,q
FZLN,67.6,1969-07-01,q
FZLP,-0.7,1969-07-01,q
FZLR,-0.9,1969-07-01,q
LNNK,7.7,1969-07-01,q
LNNL,7.1,1969-07-01,q
LOJE,5.3,1969-07-01,q
DMWL,3.1,1969-10-01,q
DMWN,6,1969-10-01,q
DMWO,3,1969-10-01,q
FZLN,67.5,1969-10-01,q
FZLP,-0.1,1969-10-01,q
FZLR,-1.3,1969-10-01,q
LNNK,7.9,1969-10-01,q
LNNL,7.3,1969-10-01,q
LOJE,6.5,1969-10-01,q
DMWL,3.1,1970-01-01,q
DMWN,7.1,1970-01-01,q
DMWO,3.2,1970-01-01,q
FZLN,67.5,1970-01-01,q
FZLP,0.1,1970-01-01,q
FZLR,-0.5,1970-01-01,q
LNNK,8.2,1970-01-01,q
LNNL,7.6,1970-01-01,q
LOJE,6.9,1970-01-01,q
DMWL,2.6,1970-04-01,q
DMWN,9.7,1970-04-01,q
DMWO,2.3,1970-04-01,q
FZLN,67.5,1970-04-01,q
FZLP,0,1970-04-01,q
FZLR,-0.8,1970-04-01,q
LNNK,8.4,1970-04-01,q
LNNL,7.7,1970-04-01,q
LOJE,10,1970-04-01,q
DMWL,2.1,1970-07-01,q
DMWN,11.3,1970-07-01,q
DMWO,2.3,1970-07-01,q
FZLN,67.4,1970-07-01,q
FZLP,-0.1,1970-07-01,q
FZLR,-0.2,1970-07-01,q
LNNK,8.6,1970-07-01,q
LNNL,7.9,1970-07-01,q
LOJE,11.3,1970-07-01,q
DMWL,0.4,1970-10-01,q
DMWN,8.6,1970-10-01,q
DMWO,0.5,1970-10-01,q
FZLN,66,1970-10-01,q
FZLP,-2.1,1970-10-01,q
FZLR,-2.2,1970-10-01,q
LNNK,8.6,1970-10-01,q
LNNL,7.9,1970-10-01,q
LOJE,8.4,1970-10-01,q
DMWL,2.4,1971-01-01,q
DMWN,7.5,1971-01-01,q
DMWO,2.3,1971-01-01,q
FZLN,66.1,1971-01-01,q
FZLP,0.1,1971-01-01,q
FZLR,-2.1,1971-01-01,q
FZLT,3.7,1971-01-01,q
LNNK,8.8,1971-01-01,q
LNNL,8.1,1971-01-01,q
LOJE,7.7,1971-01-01,q
DMWL,0,1971-04-01,q
DMWN,5.8,1971-04-01,q
DMWO,0.6,1971-04-01,q
FZLN,66.1,1971-04-01,q
FZLP,0.1,1971-04-01,q
FZLR,-2,1971-04-01,q
FZLT,3.8,1971-04-01,q
FZLV,2.5,1971-04-01,q
FZLX,2.7,1971-04-01,q
LNNK,8.8,1971-04-01,q
LNNL,8.2,1971-04-01,q
LOJE,5,1971-04-01,q
DMWL,1.4,1971-07-01,q
DMWN,4.7,1971-07-01,q
DMWO,1.3,1971-07-01,q
FZLN,65.7,1971-07-01,q
FZLP,-0.6,1971-07-01,q
FZLR,-2.6,1971-07-01,q
FZLT,3.9,1971-07-01,q
FZLV,3.3,1971-07-01,q
FZLX,2.6,1971-07-01,q
LNNK,8.9,1971-07-01,q
LNNL,8.3,1971-07-01,q
LOJE,4.2,1971-07-01,q
DMWL,1.3,1971-10-01,q
DMWN,6,1971-10-01,q
DMWO,1.7,1971-10-01,q
FZLN,65.3,1971-10-01,q
FZLP,-0.6,1971-10-01,q
FZLR,-1,1971-10-01,q
FZLT,4,1971-10-01,q
FZLV,2.2,1971-10-01,q
FZLX,2.6,1971-10-01,q
LNNK,9,1971-10-01,q
LNNL,8.4,1971-10-01,q
LOJE,5.1,1971-10-01,q
DMWL,3.6,1972-01-01,q
DMWN,7.5,1972-01-01,q
DMWO,3.7,1972-01-01,q
FZLN,65.8,1972-01-01,q
FZLP,0.7,1972-01-01,q
FZLR,-0.4,1972-01-01,q
FZLT,4.1,1972-01-01,q
FZLV,2.8,1972-01-01,q
FZLX,11.3,1972-01-01,q
LNNK,9.4,1972-01-01,q
LNNL,8.7,1972-01-01,q
LOJE,6.3,1972-01-01,q
DMWL,0.8,1972-04-01,q
DMWN,7.7,1972-04-01,q
DMWO,0.8,1972-04-01,q
FZLN,65.3,1972-04-01,q
FZLP,-0.7,1972-04-01,q
FZLR,-1.2,1972-04-01,q
FZLT,4.2,1972-04-01,q
FZLV,2.9,1972-04-01,q
FZLX,11.7,1972-04-01,q
LNNK,9.5,1972-04-01,q
LNNL,8.8,1972-04-01,q
LOJE,7.3,1972-04-01,q
DMWL,2,1972-07-01,q
DMWN,8.8,1972-07-01,q
DMWO,2.3,1972-07-01,q
FZLN,65.2,1972-07-01,q
FZLP,-0.3,1972-07-01,q
FZLR,-0.8,1972-07-01,q
FZLT,4.3,1972-07-01,q
FZLV,2.5,1972-07-01,q
FZLX,10.8,1972-07-01,q
LNNK,9.6,1972-07-01,q
LNNL,9,1972-07-01,q
LOJE,8,1972-07-01,q
DMWL,2.9,1972-10-01,q
DMWN,10.1,1972-10-01,q
DMWO,3,1972-10-01,q
FZLN,64.5,1972-10-01,q
FZLP,-1.1,1972-10-01,q
FZLR,-1.3,1972-10-01,q
FZLT,4.5,1972-10-01,q
FZLV,4.1,1972-10-01,q
FZLX,12.8,1972-10-01,q
LNNK,9.9,1972-10-01,q
LNNL,9.3,1972-10-01,q
LOJE,9.6,1972-10-01,q
DMWL,-1,1973-01-01,q
DMWN,5.4,1973-01-01,q
DMWO,-0.7,1973-01-01,q
FZLN,63.1,1973-01-01,q
FZLP,-2.2,1973-01-01,q
FZLR,-4.1,1973-01-01,q
FZLT,4.7,1973-01-01,q
FZLV,3,1973-01-01,q
FZLX,13.1,1973-01-01,q
LNNK,9.8,1973-01-01,q
LNNL,9.2,1973-01-01,q
LOJE,4.7,1973-01-01,q
DMWL,2.8,1973-04-01,q
DMWN,7.5,1973-04-01,q
DMWO,2.8,1973-04-01,q
FZLN,64.8,1973-04-01,q
FZLP,2.8,1973-04-01,q
FZLR,-0.8,1973-04-01,q
FZLT,4.8,1973-04-01,q
FZLV,3.2,1973-04-01,q
FZLX,13.5,1973-04-01,q
LNNK,10.1,1973-04-01,q
LNNL,9.5,1973-04-01,q
LOJE,6.7,1973-04-01,q
DMWL,4.4,1973-07-01,q
DMWN,10,1973-07-01,q
DMWO,4.6,1973-07-01,q
FZLN,65.7,1973-07-01,q
FZLP,1.4,1973-07-01,q
FZLR,0.8,1973-07-01,q
FZLT,5,1973-07-01,q
FZLV,3.4,1973-07-01,q
FZLX,14.5,1973-07-01,q
LNNK,10.5,1973-07-01,q
LNNL,9.9,1973-07-01,q
LOJE,9.2,1973-07-01,q
DMWL,4.1,1973-10-01,q
DMWN,11.6,1973-10-01,q
DMWO,4.5,1973-10-01,q
FZLN,65.4,1973-10-01,q
FZLP,-0.5,1973-10-01,q
FZLR,1.4,1973-10-01,q
FZLT,5.2,1973-10-01,q
FZLV,4,1973-10-01,q
FZLX,14.5,1973-10-01,q
LNNK,11,1973-10-01,q
LNNL,10.4,1973-10-01,q
LOJE,10.5,1973-10-01,q
DMWL,4.9,1974-01-01,q
DMWN,18.5,1974-01-01,q
DMWO,5.3,1974-01-01,q
FZLN,67.8,1974-01-01,q
FZLP,3.7,1974-01-01,q
FZLR,7.5,1974-01-01,q
FZLT,5.3,1974-01-01,q
FZLV,2.8,1974-01-01,q
FZLX,14.2,1974-01-01,q
LNNK,11.5,1974-01-01,q
LNNL,10.9,1974-01-01,q
LOJE,17.1,1974-01-01,q
DMWL,3.4,1974-04-01,q
DMWN,18.5,1974-04-01,q
DMWO,2.9,1974-04-01,q
FZLN,66.7,1974-04-01,q
FZLP,-1.7,1974-04-01,q
FZLR,2.8,1974-04-01,q
FZLT,5.6,1974-04-01,q
FZLV,4.6,1974-04-01,q
FZLX,15.7,1974-04-01,q
LNNK,11.9,1974-04-01,q
LNNL,11.2,1974-04-01,q
LOJE,17.8,1974-04-01,q
DMWL,7.7,1974-07-01,q
DMWN,22.2,1974-07-01,q
DMWO,8,1974-07-01,q
FZLN,67.8,1974-07-01,q
FZLP,1.7,1974-07-01,q
FZLR,3.2,1974-07-01,q
FZLT,6.1,1974-07-01,q
FZLV,9.1,1974-07-01,q
FZLX,22.1,1974-07-01,q
LNNK,12.8,1974-07-01,q
LNNL,12.1,1974-07-01,q
LOJE,21.6,1974-07-01,q
DMWL,8.6,1974-10-01,q
DMWN,27.6,1974-10-01,q
DMWO,9.1,1974-10-01,q
FZLN,69.1,1974-10-01,q
FZLP,1.9,1974-10-01,q
FZLR,5.8,1974-10-01,q
FZLT,6.6,1974-10-01,q
FZLV,7.9,1974-10-01,q
FZLX,26.6,1974-10-01,q
LNNK,13.9,1974-10-01,q
LNNL,13.2,1974-10-01,q
LOJE,26.9,1974-10-01,q
DMWL,11.5,1975-01-01,q
DMWN,33.9,1975-01-01,q
DMWO,10.5,1975-01-01,q
FZLN,70.7,1975-01-01,q
FZLP,2.3,1975-01-01,q
FZLR,4.3,1975-01-01,q
FZLT,7.3,1975-01-01,q
FZLV,11.4,1975-01-01,q
FZLX,37.2,1975-01-01,q
LNNK,15.5,1975-01-01,q
LNNL,14.6,1975-01-01,q
LOJE,34.8,1975-01-01,q
DMWL,3.4,1975-04-01,q
DMWN,36.1,1975-04-01,q
DMWO,4.5,1975-04-01,q
FZLN,70.9,1975-04-01,q
FZLP,0.3,1975-04-01,q
FZLR,6.4,1975-04-01,q
FZLT,7.6,1975-04-01,q
FZLV,3.6,1975-04-01,q
FZLX,35.9,1975-04-01,q
LNNK,16,1975-04-01,q
LNNL,15.3,1975-04-01,q
LOJE,34.8,1975-04-01,q
DMWL,6.8,1975-07-01,q
DMWN,35,1975-07-01,q
DMWO,7.1,1975-07-01,q
FZLN,71.9,1975-07-01,q
FZLP,1.5,1975-07-01,q
FZLR,6.1,1975-07-01,q
FZLT,8.1,1975-07-01,q
FZLV,6.9,1975-07-01,q
FZLX,33.2,1975-07-01,q
LNNK,17.1,1975-07-01,q
LNNL,16.4,1975-07-01,q
LOJE,33.7,1975-07-01,q
DMWL,0.5,1975-10-01,q
DMWN,25.1,1975-10-01,q
DMWO,1.1,1975-10-01,q
FZLN,69.8,1975-10-01,q
FZLP,-2.9,1975-10-01,q
FZLR,1,1975-10-01,q
FZLT,8.3,1975-10-01,q
FZLV,2.9,1975-10-01,q
FZLX,27,1975-10-01,q
LNNK,17.2,1975-10-01,q
LNNL,16.5,1975-10-01,q
LOJE,23.7,1975-10-01,q
DMWL,1.2,1976-01-01,q
DMWN,15.2,1976-01-01,q
DMWO,1.8,1976-01-01,q
FZLN,69.5,1976-01-01,q
FZLP,-0.5,1976-01-01,q
FZLR,-1.7,1976-01-01,q
FZLT,8.6,1976-01-01,q
FZLV,3.6,1976-01-01,q
FZLX,18.1,1976-01-01,q
LNNK,17.4,1976-01-01,q
LNNL,16.8,1976-01-01,q
LOJE,12.4,1976-01-01,q
DMWL,2.9,1976-04-01,q
DMWN,13.8,1976-04-01,q
DMWO,3.3,1976-04-01,q
FZLN,70,1976-04-01,q
FZLP,0.7,1976-04-01,q
FZLR,-1.3,1976-04-01,q
FZLT,8.9,1976-04-01,q
FZLV,3.2,1976-04-01,q
FZLX,17.6,1976-04-01,q
LNNK,17.9,1976-04-01,q
LNNL,17.4,1976-04-01,q
LOJE,11.8,1976-04-01,q
DMWL,1.6,1976-07-01,q
DMWN,8.1,1976-07-01,q
DMWO,1.7,1976-07-01,q
FZLN,69.4,1976-07-01,q
FZLP,-0.9,1976-07-01,q
FZLR,-3.6,1976-07-01,q
FZLT,9.1,1976-07-01,q
FZLV,2.8,1976-07-01,q
FZLX,13.1,1976-07-01,q
LNNK,18.2,1976-07-01,q
LNNL,17.7,1976-07-01,q
LOJE,6.4,1976-07-01,q
DMWL,0.9,1976-10-01,q
DMWN,7.6,1976-10-01,q
DMWO,0.6,1976-10-01,q
FZLN,67.2,1976-10-01,q
FZLP,-3.2,1976-10-01,q
FZLR,-3.8,1976-10-01,q
FZLT,9.4,1976-10-01,q
FZLV,2.3,1976-10-01,q
FZLX,12.4,1976-10-01,q
LNNK,18.4,1976-10-01,q
LNNL,17.8,1976-10-01,q
LOJE,6.8,1976-10-01,q
DMWL,2.1,1977-01-01,q
DMWN,7.9,1977-01-01,q
DMWO,2,1977-01-01,q
FZLN,65.7,1977-01-01,q
FZLP,-2.1,1977-01-01,q
FZLR,-5.4,1977-01-01,q
FZLT,9.6,1977-01-01,q
FZLV,2.3,1977-01-01,q
FZLX,11,1977-01-01,q
LNNK,18.7,1977-01-01,q
LNNL,18.2,1977-01-01,q
LOJE,7.7,1977-01-01,q
DMWL,3,1977-04-01,q
DMWN,7.1,1977-04-01,q
DMWO,2.5,1977-04-01,q
FZLN,65,1977-04-01,q
FZLP,-1.1,1977-04-01,q
FZLR,-7,1977-04-01,q
FZLT,9.7,1977-04-01,q
FZLV,1.1,1977-04-01,q
FZLX,8.7,1977-04-01,q
LNNK,19.3,1977-04-01,q
LNNL,18.6,1977-04-01,q
LOJE,7.8,1977-04-01,q
DMWL,1.5,1977-07-01,q
DMWN,6.9,1977-07-01,q
DMWO,1.6,1977-07-01,q
FZLN,64.7,1977-07-01,q
FZLP,-0.5,1977-07-01,q
FZLR,-6.7,1977-07-01,q
FZLT,9.9,1977-07-01,q
FZLV,2,1977-07-01,q
FZLX,7.9,1977-07-01,q
LNNK,19.6,1977-07-01,q
LNNL,18.9,1977-07-01,q
LOJE,7.7,1977-07-01,q
DMWL,1.8,1977-10-01,q
DMWN,8.4,1977-10-01,q
DMWO,2,1977-10-01,q
FZLN,64.3,1977-10-01,q
FZLP,-0.6,1977-10-01,q
FZLR,-4.3,1977-10-01,q
FZLT,10.2,1977-10-01,q
FZLV,3.5,1977-10-01,q
FZLX,9.2,1977-10-01,q
LNNK,20,1977-10-01,q
LNNL,19.3,1977-10-01,q
LOJE,8.7,1977-10-01,q
DMWL,3.3,1978-01-01,q
DMWN,9.8,1978-01-01,q
DMWO,3.4,1978-01-01,q
FZLN,63.4,1978-01-01,q
FZLP,-1.4,1978-01-01,q
FZLR,-3.5,1978-01-01,q
FZLT,10.6,1978-01-01,q
FZLV,4,1978-01-01,q
FZLX,11,1978-01-01,q
LNNK,20.6,1978-01-01,q
LNNL,19.9,1978-01-01,q
LOJE,10,1978-01-01,q
DMWL,3.7,1978-04-01,q
DMWN,9.9,1978-04-01,q
DMWO,2.6,1978-04-01,q
FZLN,64,1978-04-01,q
FZLP,0.9,1978-04-01,q
FZLR,-1.7,1978-04-01,q
FZLT,11,1978-04-01,q
FZLV,3.4,1978-04-01,q
FZLX,13.5,1978-04-01,q
LNNK,21.4,1978-04-01,q
LNNL,20.5,1978-04-01,q
LOJE,10.7,1978-04-01,q
DMWL,1.2,1978-07-01,q
DMWN,9.8,1978-07-01,q
DMWO,1.5,1978-07-01,q
FZLN,63.5,1978-07-01,q
FZLP,-0.7,1978-07-01,q
FZLR,-1.8,1978-07-01,q
FZLT,11.3,1978-07-01,q
FZLV,2.7,1978-07-01,q
FZLX,14.3,1978-07-01,q
LNNK,21.6,1978-07-01,q
LNNL,20.8,1978-07-01,q
LOJE,10.4,1978-07-01,q
DMWL,2,1978-10-01,q
DMWN,10.3,1978-10-01,q
DMWO,2.4,1978-10-01,q
FZLN,63.6,1978-10-01,q
FZLP,0.1,1978-10-01,q
FZLR,-1.1,1978-10-01,q
FZLT,11.6,1978-10-01,q
FZLV,2.7,1978-10-01,q
FZLX,13.5,1978-10-01,q
LNNK,22.1,1978-10-01,q
LNNL,21.3,1978-10-01,q
LOJE,10.6,1978-10-01,q
DMWL,5,1979-01-01,q
DMWN,12.1,1979-01-01,q
DMWO,5.1,1979-01-01,q
FZLN,63.6,1979-01-01,q
FZLP,0,1979-01-01,q
FZLR,0.2,1979-01-01,q
FZLT,12,1979-01-01,q
FZLV,4,1979-01-01,q
FZLX,13.4,1979-01-01,q
LNNK,23.2,1979-01-01,q
LNNL,22.3,1979-01-01,q
LOJE,12.5,1979-01-01,q
DMWL,0.6,1979-04-01,q
DMWN,9.1,1979-04-01,q
DMWO,-0.1,1979-04-01,q
FZLN,62.7,1979-04-01,q
FZLP,-1.4,1979-04-01,q
FZLR,-2,1979-04-01,q
FZLT,12.5,1979-04-01,q
FZLV,3.9,1979-04-01,q
FZLX,14,1979-04-01,q
LNNK,23.3,1979-04-01,q
LNNL,22.3,1979-04-01,q
LOJE,9.1,1979-04-01,q
DMWL,7.2,1979-07-01,q
DMWN,15.1,1979-07-01,q
DMWO,7.1,1979-07-01,q
FZLN,63.1,1979-07-01,q
FZLP,0.7,1979-07-01,q
FZLR,-0.6,1979-07-01,q
FZLT,13.2,1979-07-01,q
FZLV,5.1,1979-07-01,q
FZLX,16.7,1979-07-01,q
LNNK,25,1979-07-01,q
LNNL,23.9,1979-07-01,q
LOJE,15.5,1979-07-01,q
DMWL,4.5,1979-10-01,q
DMWN,17.4,1979-10-01,q
DMWO,4.4,1979-10-01,q
FZLN,63,1979-10-01,q
FZLP,-0.1,1979-10-01,q
FZLR,-0.9,1979-10-01,q
FZLT,13.9,1979-10-01,q
FZLV,5.3,1979-10-01,q
FZLX,19.6,1979-10-01,q
LNNK,26.1,1979-10-01,q
LNNL,24.9,1979-10-01,q
LOJE,18.3,1979-10-01,q
DMWL,6,1980-01-01,q
DMWN,18.3,1980-01-01,q
DMWO,5.9,1980-01-01,q
FZLN,63,1980-01-01,q
FZLP,-0.1,1980-01-01,q
FZLR,-0.9,1980-01-01,q
FZLT,14.6,1980-01-01,q
FZLV,5,1980-01-01,q
FZLX,20.8,1980-01-01,q
LNNK,27.7,1980-01-01,q
LNNL,26.4,1980-01-01,q
LOJE,19.4,1980-01-01,q
DMWL,6,1980-04-01,q
DMWN,25.3,1980-04-01,q
DMWO,5.8,1980-04-01,q
FZLN,63.9,1980-04-01,q
FZLP,1.5,1980-04-01,q
FZLR,2,1980-04-01,q
FZLT,15.3,1980-04-01,q
FZLV,5.1,1980-04-01,q
FZLX,22.2,1980-04-01,q
LNNK,29.4,1980-04-01,q
LNNL,28,1980-04-01,q
LOJE,25.9,1980-04-01,q
DMWL,3.1,1980-07-01,q
DMWN,21.3,1980-07-01,q
DMWO,3.6,1980-07-01,q
FZLN,64.9,1980-07-01,q
FZLP,1.5,1980-07-01,q
FZLR,2.8,1980-07-01,q
FZLT,16,1980-07-01,q
FZLV,4.8,1980-07-01,q
FZLX,21.8,1980-07-01,q
LNNK,30.3,1980-07-01,q
LNNL,29,1980-07-01,q
LOJE,21.1,1980-07-01,q
DMWL,2.8,1980-10-01,q
DMWN,20.1,1980-10-01,q
DMWO,3.5,1980-10-01,q
FZLN,63.7,1980-10-01,q
FZLP,-1.9,1980-10-01,q
FZLR,1,1980-10-01,q
FZLT,16.6,1980-10-01,q
FZLV,3.6,1980-10-01,q
FZLX,19.8,1980-10-01,q
LNNK,31.1,1980-10-01,q
LNNL,30,1980-10-01,q
LOJE,19.1,1980-10-01,q
DMWL,0.7,1981-01-01,q
DMWN,14.9,1981-01-01,q
DMWO,1.3,1981-01-01,q
FZLN,63.8,1981-01-01,q
FZLP,0.3,1981-01-01,q
FZLR,1.3,1981-01-01,q
FZLT,17.1,1981-01-01,q
FZLV,2.7,1981-01-01,q
FZLX,17.2,1981-01-01,q
LNNK,31.3,1981-01-01,q
LNNL,30.4,1981-01-01,q
LOJE,13.2,1981-01-01,q
DMWL,1.1,1981-04-01,q
DMWN,9.4,1981-04-01,q
DMWO,0.8,1981-04-01,q
FZLN,63.3,1981-04-01,q
FZLP,-0.9,1981-04-01,q
FZLR,-1,1981-04-01,q
FZLT,17.5,1981-04-01,q
FZLV,2.4,1981-04-01,q
FZLX,14.2,1981-04-01,q
LNNK,31.7,1981-04-01,q
LNNL,30.6,1981-04-01,q
LOJE,7.9,1981-04-01,q
DMWL,1.2,1981-07-01,q
DMWN,7,1981-07-01,q
DMWO,1.3,1981-07-01,q
FZLN,62.1,1981-07-01,q
FZLP,-1.9,1981-07-01,q
FZLR,-4.3,1981-07-01,q
FZLT,18,1981-07-01,q
FZLV,3.1,1981-07-01,q
FZLX,12.3,1981-07-01,q
LNNK,32.1,1981-07-01,q
LNNL,31,1981-07-01,q
LOJE,5.9,1981-07-01,q
DMWL,1.5,1981-10-01,q
DMWN,5.1,1981-10-01,q
DMWO,1.7,1981-10-01,q
FZLN,61.5,1981-10-01,q
FZLP,-1,1981-10-01,q
FZLR,-3.4,1981-10-01,q
FZLT,18.5,1981-10-01,q
FZLV,2.8,1981-10-01,q
FZLX,11.5,1981-10-01,q
LNNK,32.6,1981-10-01,q
LNNL,31.5,1981-10-01,q
LOJE,4.5,1981-10-01,q
DIX4,73.4,1982-01-01,q
DMWL,1.7,1982-01-01,q
DMWN,5.4,1982-01-01,q
DMWO,1.6,1982-01-01,q
FZLN,62,1982-01-01,q
FZLP,0.9,1982-01-01,q
FZLR,-2.8,1982-01-01,q
FZLT,18.9,1982-01-01,q
FZLV,1.9,1982-01-01,q
FZLX,10.6,1982-01-01,q
LNNK,33.1,1982-01-01,q
LNNL,32,1982-01-01,q
LOJE,5.6,1982-01-01,q
DIX4,74.2,1982-04-01,q
DJ4I,1.1,1982-04-01,q
DMWL,0.7,1982-04-01,q
DMWN,4.5,1982-04-01,q
DMWO,-0.1,1982-04-01,q
FZLN,60.4,1982-04-01,q
FZLP,-2.7,1982-04-01,q
FZLR,-4.6,1982-04-01,q
FZLT,19.1,1982-04-01,q
FZLV,1.4,1982-04-01,q
FZLX,9.5,1982-04-01,q
LNNK,33.3,1982-04-01,q
LNNL,32,1982-04-01,q
LOJE,5.1,1982-04-01,q
DIX4,74.6,1982-07-01,q
DJ4I,0.5,1982-07-01,q
DMWL,0.4,1982-07-01,q
DMWN,3.7,1982-07-01,q
DMWO,0.4,1982-07-01,q
FZLN,60.1,1982-07-01,q
FZLP,-0.5,1982-07-01,q
FZLR,-3.3,1982-07-01,q
FZLT,19.4,1982-07-01,q
FZLV,1.5,1982-07-01,q
FZLX,7.8,1982-07-01,q
LNNK,33.4,1982-07-01,q
LNNL,32.1,1982-07-01,q
LOJE,4.3,1982-07-01,q
DIX4,75.6,1982-10-01,q
DJ4I,1.4,1982-10-01,q
DMWL,0.7,1982-10-01,q
DMWN,2.9,1982-10-01,q
DMWO,0.9,1982-10-01,q
FZLN,59.4,1982-10-01,q
FZLP,-1.1,1982-10-01,q
FZLR,-3.4,1982-10-01,q
FZLT,19.8,1982-10-01,q
FZLV,2.1,1982-10-01,q
FZLX,7.1,1982-10-01,q
LNNK,33.7,1982-10-01,q
LNNL,32.4,1982-10-01,q
LOJE,3.4,1982-10-01,q
DIX4,74.4,1983-01-01,q
DJ4I,-1.6,1983-01-01,q
DJ4J,1.4,1983-01-01,q
DMWL,0.9,1983-01-01,q
DMWN,1.7,1983-01-01,q
DMWO,0.4,1983-01-01,q
FZLN,58.4,1983-01-01,q
FZLP,-1.6,1983-01-01,q
FZLR,-5.8,1983-01-01,q
FZLT,20.4,1983-01-01,q
FZLV,3,1983-01-01,q
FZLX,8.3,1983-01-01,q
LNNK,34,1983-01-01,q
LNNL,32.6,1983-01-01,q
LOJE,2.6,1983-01-01,q
DIX4,75.9,1983-04-01,q
DJ4I,2,1983-04-01,q
DJ4J,2.3,1983-04-01,q
DMWL,1,1983-04-01,q
DMWN,2.9,1983-04-01,q
DMWO,1.1,1983-04-01,q
FZLN,58.9,1983-04-01,q
FZLP,0.8,1983-04-01,q
FZLR,-2.4,1983-04-01,q
FZLT,20.8,1983-04-01,q
FZLV,1.7,1983-04-01,q
FZLX,8.6,1983-04-01,q
LNNK,34.3,1983-04-01,q
LNNL,32.9,1983-04-01,q
LOJE,3,1983-04-01,q
DIX4,75.7,1983-07-01,q
DJ4I,-0.2,1983-07-01,q
DJ4J,1.6,1983-07-01,q
DMWL,0.5,1983-07-01,q
DMWN,3.7,1983-07-01,q
DMWO,1.2,1983-07-01,q
FZLN,58.5,1983-07-01,q
FZLP,-0.7,1983-07-01,q
FZLR,-2.6,1983-07-01,q
FZLT,21.1,1983-07-01,q
FZLV,1.5,1983-07-01,q
FZLX,8.5,1983-07-01,q
LNNK,34.5,1983-07-01,q
LNNL,33.3,1983-07-01,q
LOJE,3.2,1983-07-01,q
DIX4,76.9,1983-10-01,q
DJ4I,1.5,1983-10-01,q
DJ4J,1.6,1983-10-01,q
DMWL,1.2,1983-10-01,q
DMWN,4,1983-10-01,q
DMWO,1.2,1983-10-01,q
FZLN,58,1983-10-01,q
FZLP,-0.9,1983-10-01,q
FZLR,-2.4,1983-10-01,q
FZLT,21.3,1983-10-01,q
FZLV,0.9,1983-10-01,q
FZLX,7.3,1983-10-01,q
LNNK,34.9,1983-10-01,q
LNNL,33.7,1983-10-01,q
LOJE,3.7,1983-10-01,q
DIX4,76.6,1984-01-01,q
DJ4I,-0.4,1984-01-01,q
DJ4J,2.9,1984-01-01,q
DMWL,1,1984-01-01,q
DMWN,4.4,1984-01-01,q
DMWO,0.8,1984-01-01,q
FZLN,58.6,1984-01-01,q
FZLP,1.1,1984-01-01,q
FZLR,0.3,1984-01-01,q
FZLT,21.5,1984-01-01,q
FZLV,0.8,1984-01-01,q
FZLX,5,1984-01-01,q
LNNK,35.3,1984-01-01,q
LNNL,34,1984-01-01,q
LOJE,3.8,1984-01-01,q
DIX4,77.9,1984-04-01,q
DJ4I,1.7,1984-04-01,q
DJ4J,2.6,1984-04-01,q
DMWL,2.9,1984-04-01,q
DMWN,5.9,1984-04-01,q
DMWO,2.6,1984-04-01,q
FZLN,58.1,1984-04-01,q
FZLP,-0.8,1984-04-01,q
FZLR,-1.3,1984-04-01,q
FZLT,21.6,1984-04-01,q
FZLV,0.7,1984-04-01,q
FZLX,4,1984-04-01,q
LNNK,36.3,1984-04-01,q
LNNL,34.9,1984-04-01,q
LOJE,5.8,1984-04-01,q
DIX4,78.9,1984-07-01,q
DJ4I,1.3,1984-07-01,q
DJ4J,4.1,1984-07-01,q
DMWL,0.7,1984-07-01,q
DMWN,6.3,1984-07-01,q
DMWO,1.6,1984-07-01,q
FZLN,58.5,1984-07-01,q
FZLP,0.6,1984-07-01,q
FZLR,0,1984-07-01,q
FZLT,21.9,1984-07-01,q
FZLV,1.6,1984-07-01,q
FZLX,4.1,1984-07-01,q
LNNK,36.6,1984-07-01,q
LNNL,35.4,1984-07-01,q
LOJE,6,1984-07-01,q
DIX4,80.8,1984-10-01,q
DJ4I,2.4,1984-10-01,q
DJ4J,5.1,1984-10-01,q
DMWL,1.8,1984-10-01,q
DMWN,5.8,1984-10-01,q
DMWO,0.7,1984-10-01,q
FZLN,57.7,1984-10-01,q
FZLP,-1.4,1984-10-01,q
FZLR,-0.5,1984-10-01,q
FZLT,22.3,1984-10-01,q
FZLV,1.8,1984-10-01,q
FZLX,5,1984-10-01,q
LNNK,37.2,1984-10-01,q
LNNL,35.7,1984-10-01,q
LOJE,6.7,1984-10-01,q
DIX4,80,1985-01-01,q
DJ4I,-1,1985-01-01,q
DJ4J,4.5,1985-01-01,q
DMWL,2.2,1985-01-01,q
DMWN,5.6,1985-01-01,q
DMWO,0.5,1985-01-01,q
FZLN,58.1,1985-01-01,q
FZLP,0.7,1985-01-01,q
FZLR,-0.9,1985-01-01,q
FZLT,22.6,1985-01-01,q
FZLV,1,1985-01-01,q
FZLX,5.3,1985-01-01,q
LNNK,38,1985-01-01,q
LNNL,35.9,1985-01-01,q
LOJE,7.9,1985-01-01,q
DIX4,81.7,1985-04-01,q
DJ4I,2.1,1985-04-01,q
DJ4J,4.9,1985-04-01,q
DMWL,-1,1985-04-01,q
DMWN,2.4,1985-04-01,q
DMWO,-0.5,1985-04-01,q
FZLN,56.3,1985-04-01,q
FZLP,-3.1,1985-04-01,q
FZLR,-3.2,1985-04-01,q
FZLT,22.9,1985-04-01,q
FZLV,1.5,1985-04-01,q
FZLX,6.1,1985-04-01,q
LNNK,37.7,1985-04-01,q
LNNL,35.7,1985-04-01,q
LOJE,3.8,1985-04-01,q
DIX4,83.7,1985-07-01,q
DJ4I,2.4,1985-07-01,q
DJ4J,6.1,1985-07-01,q
DMWL,1.5,1985-07-01,q
DMWN,3.4,1985-07-01,q
DMWO,2.6,1985-07-01,q
FZLN,57.1,1985-07-01,q
FZLP,1.4,1985-07-01,q
FZLR,-2.5,1985-07-01,q
FZLT,23.5,1985-07-01,q
FZLV,2.5,1985-07-01,q
FZLX,7.1,1985-07-01,q
LNNK,38.2,1985-07-01,q
LNNL,36.6,1985-07-01,q
LOJE,4.5,1985-07-01,q
DIX4,86.1,1985-10-01,q
DJ4I,2.9,1985-10-01,q
DJ4J,6.5,1985-10-01,q
DMWL,2.3,1985-10-01,q
DMWN,3.8,1985-10-01,q
DMWO,1.1,1985-10-01,q
FZLN,56.6,1985-10-01,q
FZLP,-0.7,1985-10-01,q
FZLR,-1.8,1985-10-01,q
FZLT,23.8,1985-10-01,q
FZLV,1.2,1985-10-01,q
FZLX,6.4,1985-10-01,q
LNNK,39.1,1985-10-01,q
LNNL,37,1985-10-01,q
LOJE,5,1985-10-01,q
DIX4,85,1986-01-01,q
DJ4I,-1.2,1986-01-01,q
DJ4J,6.2,1986-01-01,q
DMWL,1.6,1986-01-01,q
DMWN,5.4,1986-01-01,q
DMWO,2.1,1986-01-01,q
FZLN,57.5,1986-01-01,q
FZLP,1.5,1986-01-01,q
FZLR,-1,1986-01-01,q
FZLT,24.4,1986-01-01,q
FZLV,2.8,1986-01-01,q
FZLX,8.2,1986-01-01,q
LNNK,39.7,1986-01-01,q
LNNL,37.8,1986-01-01,q
LOJE,4.3,1986-01-01,q
DIX4,86.9,1986-04-01,q
DJ4I,2.2,1986-04-01,q
DJ4J,6.3,1986-04-01,q
DMWL,1.3,1986-04-01,q
DMWN,7.3,1986-04-01,q
DMWO,1.4,1986-04-01,q
FZLN,58,1986-04-01,q
FZLP,0.9,1986-04-01,q
FZLR,3.1,1986-04-01,q
FZLT,24.9,1986-04-01,q
FZLV,2,1986-04-01,q
FZLX,8.7,1986-04-01,q
LNNK,40.2,1986-04-01,q
LNNL,38.3,1986-04-01,q
LOJE,6.7,1986-04-01,q
DIX4,86.8,1986-07-01,q
DJ4I,-0.1,1986-07-01,q
DJ4J,3.7,1986-07-01,q
DMWL,1,1986-07-01,q
DMWN,5.5,1986-07-01,q
DMWO,0.8,1986-07-01,q
FZLN,57.9,1986-07-01,q
FZLP,-0.2,1986-07-01,q
FZLR,1.5,1986-07-01,q
FZLT,25.2,1986-07-01,q
FZLV,1.2,1986-07-01,q
FZLX,7.4,1986-07-01,q
LNNK,40.6,1986-07-01,q
LNNL,38.6,1986-07-01,q
LOJE,6.2,1986-07-01,q
DIX4,85.8,1986-10-01,q
DJ4I,-1.2,1986-10-01,q
DJ4J,-0.3,1986-10-01,q
DMWL,0.1,1986-10-01,q
DMWN,4.6,1986-10-01,q
DMWO,0.2,1986-10-01,q
FZLN,57,1986-10-01,q
FZLP,-1.6,1986-10-01,q
FZLR,0.6,1986-10-01,q
FZLT,25.5,1986-10-01,q
FZLV,1.2,1986-10-01,q
FZLX,7.4,1986-10-01,q
LNNK,40.6,1986-10-01,q
LNNL,38.7,1986-10-01,q
LOJE,4,1986-10-01,q
DIX4,86.7,1987-01-01,q
DJ4I,1.1,1987-01-01,q
DJ4J,2,1987-01-01,q
DMWL,0.6,1987-01-01,q
DMWN,2.8,1987-01-01,q
DMWO,0.4,1987-01-01,q
FZLN,56.6,1987-01-01,q
FZLP,-0.7,1987-01-01,q
FZLR,-1.6,1987-01-01,q
FZLT,25.7,1987-01-01,q
FZLV,0.8,1987-01-01,q
FZLX,5.3,1987-01-01,q
LNNK,40.9,1987-01-01,q
LNNL,38.9,1987-01-01,q
LOJE,3,1987-01-01,q
DIX4,88.8,1987-04-01,q
DJ4I,2.4,1987-04-01,q
DJ4J,2.2,1987-04-01,q
DMWL,0.8,1987-04-01,q
DMWN,1.9,1987-04-01,q
DMWO,0.5,1987-04-01,q
FZLN,55.8,1987-04-01,q
FZLP,-1.4,1987-04-01,q
FZLR,-3.8,1987-04-01,q
FZLT,26.1,1987-04-01,q
FZLV,1.5,1987-04-01,q
FZLX,4.7,1987-04-01,q
LNNK,41.2,1987-04-01,q
LNNL,39.1,1987-04-01,q
LOJE,2.5,1987-04-01,q
DIX4,88.6,1987-07-01,q
DJ4I,-0.2,1987-07-01,q
DJ4J,2.1,1987-07-01,q
DMWL,0.8,1987-07-01,q
DMWN,1.5,1987-07-01,q
DMWO,0.4,1987-07-01,q
FZLN,54.9,1987-07-01,q
FZLP,-1.6,1987-07-01,q
FZLR,-5.2,1987-07-01,q
FZLT,26.5,1987-07-01,q
FZLV,1.4,1987-07-01,q
FZLX,4.9,1987-07-01,q
LNNK,41.5,1987-07-01,q
LNNL,39.2,1987-07-01,q
LOJE,2.2,1987-07-01,q
DIX4,89.5,1987-10-01,q
DJ4I,1,1987-10-01,q
DJ4J,4.4,1987-10-01,q
DMWL,1.7,1987-10-01,q
DMWN,2.7,1987-10-01,q
DMWO,1.5,1987-10-01,q
FZLN,55.2,1987-10-01,q
FZLP,0.6,1987-10-01,q
FZLR,-3,1987-10-01,q
FZLT,26.9,1987-10-01,q
FZLV,1.8,1987-10-01,q
FZLX,5.5,1987-10-01,q
LNNK,42.2,1987-10-01,q
LNNL,39.8,1987-10-01,q
LOJE,3.9,1987-10-01,q
DIX4,89.1,1988-01-01,q
DJ4I,-0.5,1988-01-01,q
DJ4J,2.8,1988-01-01,q
DMWL,1.5,1988-01-01,q
DMWN,3.7,1988-01-01,q
DMWO,1.3,1988-01-01,q
FZLN,55.3,1988-01-01,q
FZLP,0,1988-01-01,q
FZLR,-2.4,1988-01-01,q
FZLT,27.4,1988-01-01,q
FZLV,1.7,1988-01-01,q
FZLX,6.5,1988-01-01,q
LNNK,42.8,1988-01-01,q
LNNL,40.3,1988-01-01,q
LOJE,4.8,1988-01-01,q
DIX4,91.7,1988-04-01,q
DJ4I,2.9,1988-04-01,q
DJ4J,3.2,1988-04-01,q
DMWL,2.2,1988-04-01,q
DMWN,5.6,1988-04-01,q
DMWO,2.3,1988-04-01,q
FZLN,55.5,1988-04-01,q
FZLP,0.4,1988-04-01,q
FZLR,-0.5,1988-04-01,q
FZLT,27.9,1988-04-01,q
FZLV,1.7,1988-04-01,q
FZLX,6.8,1988-04-01,q
LNNK,43.8,1988-04-01,q
LNNL,41.2,1988-04-01,q
LOJE,6.4,1988-04-01,q
DIX4,90.6,1988-07-01,q
DJ4I,-1.1,1988-07-01,q
DJ4J,2.3,1988-07-01,q
DMWL,1.8,1988-07-01,q
DMWN,6.9,1988-07-01,q
DMWO,1.7,1988-07-01,q
FZLN,55.1,1988-07-01,q
FZLP,-0.8,1988-07-01,q
FZLR,0.3,1988-07-01,q
FZLT,28.5,1988-07-01,q
FZLV,2.2,1988-07-01,q
FZLX,7.6,1988-07-01,q
LNNK,44.6,1988-07-01,q
LNNL,41.9,1988-07-01,q
LOJE,7.5,1988-07-01,q
DIX4,92.4,1988-10-01,q
DJ4I,1.9,1988-10-01,q
DJ4J,3.2,1988-10-01,q
DMWL,1.9,1988-10-01,q
DMWN,7.4,1988-10-01,q
DMWO,1.9,1988-10-01,q
FZLN,55.1,1988-10-01,q
FZLP,0.1,1988-10-01,q
FZLR,-0.3,1988-10-01,q
FZLT,29.1,1988-10-01,q
FZLV,2.1,1988-10-01,q
FZLX,7.9,1988-10-01,q
LNNK,45.4,1988-10-01,q
LNNL,42.7,1988-10-01,q
LOJE,7.7,1988-10-01,q
DIX4,92,1989-01-01,q
DJ4I,-0.4,1989-01-01,q
DJ4J,3.2,1989-01-01,q
DMWL,1.9,1989-01-01,q
DMWN,8,1989-01-01,q
DMWO,1.9,1989-01-01,q
FZLN,55,1989-01-01,q
FZLP,-0.2,1989-01-01,q
FZLR,-0.5,1989-01-01,q
FZLT,29.5,1989-01-01,q
FZLV,1.4,1989-01-01,q
FZLX,7.6,1989-01-01,q
LNNK,46.3,1989-01-01,q
LNNL,43.5,1989-01-01,q
LOJE,8.1,1989-01-01,q
DIX4,94.8,1989-04-01,q
DJ4I,3,1989-04-01,q
DJ4J,3.4,1989-04-01,q
DMWL,2.4,1989-04-01,q
DMWN,8,1989-04-01,q
DMWO,2.2,1989-04-01,q
FZLN,55.5,1989-04-01,q
FZLP,0.9,1989-04-01,q
FZLR,0,1989-04-01,q
FZLT,30.1,1989-04-01,q
FZLV,2,1989-04-01,q
FZLX,7.9,1989-04-01,q
LNNK,47.4,1989-04-01,q
LNNL,44.5,1989-04-01,q
LOJE,8.3,1989-04-01,q
DIX4,97,1989-07-01,q
DJ4I,2.4,1989-07-01,q
DJ4J,7,1989-07-01,q
DMWL,2.8,1989-07-01,q
DMWN,9.1,1989-07-01,q
DMWO,2.7,1989-07-01,q
FZLN,55.2,1989-07-01,q
FZLP,-0.5,1989-07-01,q
FZLR,0.2,1989-07-01,q
FZLT,30.8,1989-07-01,q
FZLV,2.4,1989-07-01,q
FZLX,8.2,1989-07-01,q
LNNK,48.7,1989-07-01,q
LNNL,45.7,1989-07-01,q
LOJE,9.3,1989-07-01,q
DIX4,98.2,1989-10-01,q
DJ4I,1.2,1989-10-01,q
DJ4J,6.3,1989-10-01,q
DMWL,2.8,1989-10-01,q
DMWN,10,1989-10-01,q
DMWO,2.7,1989-10-01,q
FZLN,55.7,1989-10-01,q
FZLP,1,1989-10-01,q
FZLR,1.2,1989-10-01,q
FZLT,31.7,1989-10-01,q
FZLV,3.1,1989-10-01,q
FZLX,9.2,1989-10-01,q
LNNK,50.1,1989-10-01,q
LNNL,47,1989-10-01,q
LOJE,10.3,1989-10-01,q
DIX4,98.6,1990-01-01,q
DJ4I,0.4,1990-01-01,q
DJ4J,7.2,1990-01-01,q
DMWL,1.8,1990-01-01,q
DMWN,9.9,1990-01-01,q
DMWO,1.9,1990-01-01,q
FZLN,55.9,1990-01-01,q
FZLP,0.4,1990-01-01,q
FZLR,1.7,1990-01-01,q
FZLT,32.7,1990-01-01,q
FZLV,2.9,1990-01-01,q
FZLX,10.8,1990-01-01,q
LNNK,51,1990-01-01,q
LNNL,47.9,1990-01-01,q
LOJE,10.2,1990-01-01,q
DIX4,100.5,1990-04-01,q
DJ4I,1.9,1990-04-01,q
DJ4J,6,1990-04-01,q
DMWL,2.2,1990-04-01,q
DMWN,10,1990-04-01,q
DMWO,2.3,1990-04-01,q
FZLN,56,1990-04-01,q
FZLP,0.1,1990-04-01,q
FZLR,0.9,1990-04-01,q
FZLT,33.6,1990-04-01,q
FZLV,2.8,1990-04-01,q
FZLX,11.7,1990-04-01,q
LNNK,52.2,1990-04-01,q
LNNL,49,1990-04-01,q
LOJE,10,1990-04-01,q
DIX4,102.9,1990-07-01,q
DJ4I,2.4,1990-07-01,q
DJ4J,6.1,1990-07-01,q
DMWL,2.5,1990-07-01,q
DMWN,10,1990-07-01,q
DMWO,2.6,1990-07-01,q
FZLN,55.8,1990-07-01,q
FZLP,-0.3,1990-07-01,q
FZLR,1.1,1990-07-01,q
FZLT,34.3,1990-07-01,q
FZLV,2.3,1990-07-01,q
FZLX,11.5,1990-07-01,q
LNNK,53.5,1990-07-01,q
LNNL,50.3,1990-07-01,q
LOJE,9.7,1990-07-01,q
DIX4,103.9,1990-10-01,q
DJ4I,0.9,1990-10-01,q
DJ4J,5.8,1990-10-01,q
DMWL,1,1990-10-01,q
DMWN,8.3,1990-10-01,q
DMWO,1.2,1990-10-01,q
FZLN,56.2,1990-10-01,q
FZLP,0.7,1990-10-01,q
FZLR,0.8,1990-10-01,q
FZLT,35.1,1990-10-01,q
FZLV,2.1,1990-10-01,q
FZLX,10.4,1990-10-01,q
LNNK,54,1990-10-01,q
LNNL,50.9,1990-10-01,q
LOJE,7.7,1990-10-01,q
DIX4,103.8,1991-01-01,q
DJ4I,0,1991-01-01,q
DJ4J,5.3,1991-01-01,q
DMWL,2.3,1991-01-01,q
DMWN,8.7,1991-01-01,q
DMWO,2.2,1991-01-01,q
FZLN,56.2,1991-01-01,q
FZLP,0,1991-01-01,q
FZLR,0.5,1991-01-01,q
FZLT,36,1991-01-01,q
FZLV,2.8,1991-01-01,q
FZLX,10.3,1991-01-01,q
LNNK,55.2,1991-01-01,q
LNNL,52,1991-01-01,q
LOJE,8.3,1991-01-01,q
DIX4,106.3,1991-04-01,q
DJ4I,2.4,1991-04-01,q
DJ4J,5.8,1991-04-01,q
DMWL,1.2,1991-04-01,q
DMWN,7.8,1991-04-01,q
DMWO,1.5,1991-04-01,q
FZLN,56.7,1991-04-01,q
FZLP,0.9,1991-04-01,q
FZLR,1.3,1991-04-01,q
FZLT,37.1,1991-04-01,q
FZLV,2.9,1991-04-01,q
FZLX,10.3,1991-04-01,q
LNNK,55.9,1991-04-01,q
LNNL,52.8,1991-04-01,q
LOJE,7.2,1991-04-01,q
DIX4,106.5,1991-07-01,q
DJ4I,0.2,1991-07-01,q
DJ4J,3.4,1991-07-01,q
DMWL,1.8,1991-07-01,q
DMWN,7,1991-07-01,q
DMWO,1.9,1991-07-01,q
FZLN,57.4,1991-07-01,q
FZLP,1.2,1991-07-01,q
FZLR,2.9,1991-07-01,q
FZLT,38.2,1991-07-01,q
FZLV,3.1,1991-07-01,q
FZLX,11.2,1991-07-01,q
LNNK,56.9,1991-07-01,q
LNNL,53.8,1991-07-01,q
LOJE,6.5,1991-07-01,q
DIX4,106.3,1991-10-01,q
DJ4I,-0.1,1991-10-01,q
DJ4J,2.4,1991-10-01,q
DMWL,1.1,1991-10-01,q
DMWN,7.3,1991-10-01,q
DMWO,1.5,1991-10-01,q
FZLN,57.5,1991-10-01,q
FZLP,0.2,1991-10-01,q
FZLR,2.3,1991-10-01,q
FZLT,39.2,1991-10-01,q
FZLV,2.5,1991-10-01,q
FZLX,11.7,1991-10-01,q
LNNK,57.5,1991-10-01,q
LNNL,54.6,1991-10-01,q
LOJE,6.6,1991-10-01,q
DIX4,106.4,1992-01-01,q
DJ4I,0.1,1992-01-01,q
DJ4J,2.5,1992-01-01,q
DMWL,1.1,1992-01-01,q
DMWN,6.2,1992-01-01,q
DMWO,1.1,1992-01-01,q
FZLN,57.5,1992-01-01,q
FZLP,0,1992-01-01,q
FZLR,2.3,1992-01-01,q
FZLT,39.8,1992-01-01,q
FZLV,1.6,1992-01-01,q
FZLX,10.4,1992-01-01,q
LNNK,58.1,1992-01-01,q
LNNL,55.2,1992-01-01,q
LOJE,5.3,1992-01-01,q
DIX4,105.9,1992-04-01,q
DJ4I,-0.5,1992-04-01,q
DJ4J,-0.4,1992-04-01,q
DMWL,0,1992-04-01,q
DMWN,4.3,1992-04-01,q
DMWO,-0.2,1992-04-01,q
FZLN,57.1,1992-04-01,q
FZLP,-0.8,1992-04-01,q
FZLR,0.6,1992-04-01,q
FZLT,39.7,1992-04-01,q
FZLV,-0.3,1992-04-01,q
FZLX,7.1,1992-04-01,q
LNNK,58.1,1992-04-01,q
LNNL,55.1,1992-04-01,q
LOJE,4,1992-04-01,q
DIX4,106.3,1992-07-01,q
DJ4I,0.4,1992-07-01,q
DJ4J,-0.2,1992-07-01,q
DMWL,-0.6,1992-07-01,q
DMWN,2.3,1992-07-01,q
DMWO,-0.1,1992-07-01,q
FZLN,57.4,1992-07-01,q
FZLP,0.6,1992-07-01,q
FZLR,-0.1,1992-07-01,q
FZLT,40.2,1992-07-01,q
FZLV,1.4,1992-07-01,q
FZLX,5.3,1992-07-01,q
LNNK,57.8,1992-07-01,q
LNNL,55,1992-07-01,q
LOJE,1.5,1992-07-01,q
DIX4,105.4,1992-10-01,q
DJ4I,-0.8,1992-10-01,q
DJ4J,-0.9,1992-10-01,q
DMWL,-0.1,1992-10-01,q
DMWN,1.1,1992-10-01,q
DMWO,0.3,1992-10-01,q
FZLN,56.9,1992-10-01,q
FZLP,-1,1992-10-01,q
FZLR,-1.2,1992-10-01,q
FZLT,40.9,1992-10-01,q
FZLV,1.6,1992-10-01,q
FZLX,4.4,1992-10-01,q
LNNK,57.8,1992-10-01,q
LNNL,55.2,1992-10-01,q
LOJE,0.4,1992-10-01,q
DIX4,104.3,1993-01-01,q
DJ4I,-1.1,1993-01-01,q
DJ4J,-2,1993-01-01,q
DMWL,-0.4,1993-01-01,q
DMWN,-0.1,1993-01-01,q
DMWO,-0.1,1993-01-01,q
FZLN,55.5,1993-01-01,q
FZLP,-2.3,1993-01-01,q
FZLR,-3.4,1993-01-01,q
FZLT,41.1,1993-01-01,q
FZLV,0.5,1993-01-01,q
FZLX,3.3,1993-01-01,q
LNNK,57.5,1993-01-01,q
LNNL,55.1,1993-01-01,q
LOJE,-1.1,1993-01-01,q
DIX4,105.8,1993-04-01,q
DJ4I,1.5,1993-04-01,q
DJ4J,0,1993-04-01,q
DMWL,1.2,1993-04-01,q
DMWN,1.1,1993-04-01,q
DMWO,1,1993-04-01,q
FZLN,56.1,1993-04-01,q
FZLP,1,1993-04-01,q
FZLR,-1.7,1993-04-01,q
FZLT,41.7,1993-04-01,q
FZLV,1.5,1993-04-01,q
FZLX,5.1,1993-04-01,q
LNNK,58.2,1993-04-01,q
LNNL,55.7,1993-04-01,q
LOJE,0.1,1993-04-01,q
DIX4,107.1,1993-07-01,q
DJ4I,1.2,1993-07-01,q
DJ4J,0.8,1993-07-01,q
DMWL,0.7,1993-07-01,q
DMWN,1.6,1993-07-01,q
DMWO,0.4,1993-07-01,q
FZLN,55.8,1993-07-01,q
FZLP,-0.5,1993-07-01,q
FZLR,-2.8,1993-07-01,q
FZLT,42.2,1993-07-01,q
FZLV,1.3,1993-07-01,q
FZLX,5,1993-07-01,q
LNNK,58.6,1993-07-01,q
LNNL,55.9,1993-07-01,q
LOJE,1.3,1993-07-01,q
DIX4,107.9,1993-10-01,q
DJ4I,0.7,1993-10-01,q
DJ4J,2.3,1993-10-01,q
DMWL,0.2,1993-10-01,q
DMWN,2,1993-10-01,q
DMWO,0.7,1993-10-01,q
FZLN,56.1,1993-10-01,q
FZLP,0.5,1993-10-01,q
FZLR,-1.4,1993-10-01,q
FZLT,42.8,1993-10-01,q
FZLV,1.3,1993-10-01,q
FZLX,4.7,1993-10-01,q
LNNK,58.7,1993-10-01,q
LNNL,56.3,1993-10-01,q
LOJE,1.6,1993-10-01,q
DIX4,107.6,1994-01-01,q
DJ4I,-0.3,1994-01-01,q
DJ4J,3.1,1994-01-01,q
DMWL,-0.3,1994-01-01,q
DMWN,1.6,1994-01-01,q
DMWO,-0.6,1994-01-01,q
FZLN,55.2,1994-01-01,q
FZLP,-1.5,1994-01-01,q
FZLR,-0.6,1994-01-01,q
FZLT,42.6,1994-01-01,q
FZLV,-0.3,1994-01-01,q
FZLX,3.8,1994-01-01,q
LNNK,58.5,1994-01-01,q
LNNL,56,1994-01-01,q
LOJE,1.7,1994-01-01,q
DIX4,107.3,1994-04-01,q
DJ4I,-0.2,1994-04-01,q
DJ4J,1.4,1994-04-01,q
DMWL,-0.7,1994-04-01,q
DMWN,-0.4,1994-04-01,q
DMWO,-0.9,1994-04-01,q
FZLN,54.8,1994-04-01,q
FZLP,-0.8,1994-04-01,q
FZLR,-2.3,1994-04-01,q
FZLT,42.6,1994-04-01,q
FZLV,-0.1,1994-04-01,q
FZLX,2.2,1994-04-01,q
LNNK,58.1,1994-04-01,q
LNNL,55.5,1994-04-01,q
LOJE,-0.1,1994-04-01,q
DIX4,108.4,1994-07-01,q
DJ4I,1,1994-07-01,q
DJ4J,1.2,1994-07-01,q
DMWL,0.7,1994-07-01,q
DMWN,0,1994-07-01,q
DMWO,0.8,1994-07-01,q
FZLN,55.3,1994-07-01,q
FZLP,1,1994-07-01,q
FZLR,-0.9,1994-07-01,q
FZLT,43,1994-07-01,q
FZLV,0.9,1994-07-01,q
FZLX,1.8,1994-07-01,q
LNNK,58.5,1994-07-01,q
LNNL,55.9,1994-07-01,q
LOJE,-0.1,1994-07-01,q
DIX4,109.1,1994-10-01,q
DJ4I,0.6,1994-10-01,q
DJ4J,1.1,1994-10-01,q
DMWL,0.4,1994-10-01,q
DMWN,-0.5,1994-10-01,q
DMWO,0.3,1994-10-01,q
FZLN,54.7,1994-10-01,q
FZLP,-1.1,1994-10-01,q
FZLR,-2.5,1994-10-01,q
FZLT,43,1994-10-01,q
FZLV,0.2,1994-10-01,q
FZLX,0.6,1994-10-01,q
LNNK,58.7,1994-10-01,q
LNNL,56.1,1994-10-01,q
LOJE,0.1,1994-10-01,q
DIX4,112.9,1995-01-01,q
DJ4I,3.5,1995-01-01,q
DJ4J,5,1995-01-01,q
DMWL,0.6,1995-01-01,q
DMWN,1.1,1995-01-01,q
DMWO,1,1995-01-01,q
FZLN,55,1995-01-01,q
FZLP,0.6,1995-01-01,q
FZLR,-0.3,1995-01-01,q
FZLT,43.6,1995-01-01,q
FZLV,1.3,1995-01-01,q
FZLX,2.2,1995-01-01,q
LNNK,59.1,1995-01-01,q
LNNL,56.6,1995-01-01,q
LOJE,1.1,1995-01-01,q
DIX4,113.3,1995-04-01,q
DJ4I,0.4,1995-04-01,q
DJ4J,5.6,1995-04-01,q
DMWL,1.2,1995-04-01,q
DMWN,3.4,1995-04-01,q
DMWO,1.3,1995-04-01,q
FZLN,55.4,1995-04-01,q
FZLP,0.6,1995-04-01,q
FZLR,1,1995-04-01,q
FZLT,44.1,1995-04-01,q
FZLV,1.1,1995-04-01,q
FZLX,3.5,1995-04-01,q
LNNK,59.8,1995-04-01,q
LNNL,57.4,1995-04-01,q
LOJE,3,1995-04-01,q
DIX4,114.6,1995-07-01,q
DJ4I,1.1,1995-07-01,q
DJ4J,5.7,1995-07-01,q
DMWL,0.2,1995-07-01,q
DMWN,2.6,1995-07-01,q
DMWO,0.1,1995-07-01,q
FZLN,54.7,1995-07-01,q
FZLP,-1.2,1995-07-01,q
FZLR,-1.1,1995-07-01,q
FZLT,44.4,1995-07-01,q
FZLV,0.8,1995-07-01,q
FZLX,3.4,1995-07-01,q
LNNK,60,1995-07-01,q
LNNL,57.4,1995-07-01,q
LOJE,2.5,1995-07-01,q
DIX4,116.7,1995-10-01,q
DJ4I,1.9,1995-10-01,q
DJ4J,7,1995-10-01,q
DMWL,1.8,1995-10-01,q
DMWN,3.9,1995-10-01,q
DMWO,1.5,1995-10-01,q
FZLN,54.9,1995-10-01,q
FZLP,0.5,1995-10-01,q
FZLR,0.5,1995-10-01,q
FZLT,44.9,1995-10-01,q
FZLV,0.9,1995-10-01,q
FZLX,4.2,1995-10-01,q
LNNK,61,1995-10-01,q
LNNL,58.3,1995-10-01,q
LOJE,3.9,1995-10-01,q
DIX4,118.1,1996-01-01,q
DJ4I,1.2,1996-01-01,q
DJ4J,4.6,1996-01-01,q
DMWL,-0.2,1996-01-01,q
DMWN,3.5,1996-01-01,q
DMWO,0.7,1996-01-01,q
FZLN,54.6,1996-01-01,q
FZLP,-0.5,1996-01-01,q
FZLR,-0.7,1996-01-01,q
FZLT,45.5,1996-01-01,q
FZLV,1.3,1996-01-01,q
FZLX,4.3,1996-01-01,q
LNNK,60.9,1996-01-01,q
LNNL,58.6,1996-01-01,q
LOJE,3,1996-01-01,q
DIX4,119.3,1996-04-01,q
DJ4I,1,1996-04-01,q
DJ4J,5.3,1996-04-01,q
DMWL,1,1996-04-01,q
DMWN,3.4,1996-04-01,q
DMWO,1.1,1996-04-01,q
FZLN,54.1,1996-04-01,q
FZLP,-1,1996-04-01,q
FZLR,-2.3,1996-04-01,q
FZLT,45.8,1996-04-01,q
FZLV,0.8,1996-04-01,q
FZLX,3.9,1996-04-01,q
LNNK,61.6,1996-04-01,q
LNNL,59.3,1996-04-01,q
LOJE,2.9,1996-04-01,q
DIX4,120.2,1996-07-01,q
DJ4I,0.7,1996-07-01,q
DJ4J,4.9,1996-07-01,q
DMWL,0.8,1996-07-01,q
DMWN,3.8,1996-07-01,q
DMWO,0.4,1996-07-01,q
FZLN,53.6,1996-07-01,q
FZLP,-0.9,1996-07-01,q
FZLR,-1.9,1996-07-01,q
FZLT,46.3,1996-07-01,q
FZLV,1,1996-07-01,q
FZLX,4.2,1996-07-01,q
LNNK,62.1,1996-07-01,q
LNNL,59.5,1996-07-01,q
LOJE,3.5,1996-07-01,q
DIX4,120.3,1996-10-01,q
DJ4I,0.1,1996-10-01,q
DJ4J,3.1,1996-10-01,q
DMWL,0.7,1996-10-01,q
DMWN,2.7,1996-10-01,q
DMWO,0.4,1996-10-01,q
FZLN,53.1,1996-10-01,q
FZLP,-0.9,1996-10-01,q
FZLR,-3.3,1996-10-01,q
FZLT,46.5,1996-10-01,q
FZLV,0.4,1996-10-01,q
FZLX,3.6,1996-10-01,q
LNNK,62.5,1996-10-01,q
LNNL,59.8,1996-10-01,q
LOJE,2.4,1996-10-01,q
DIX4,123.1,1997-01-01,q
DJ4I,2.3,1997-01-01,q
DJ4J,4.3,1997-01-01,q
DMWL,2.5,1997-01-01,q
DMWN,3.1,1997-01-01,q
DMWO,1.1,1997-01-01,q
FZLN,54.4,1997-01-01,q
FZLP,2.3,1997-01-01,q
FZLR,-0.5,1997-01-01,q
FZLT,46.9,1997-01-01,q
FZLV,1,1997-01-01,q
FZLX,3.3,1997-01-01,q
LNNK,64.1,1997-01-01,q
LNNL,60.4,1997-01-01,q
LOJE,5.2,1997-01-01,q
DIX4,124.8,1997-04-01,q
DJ4I,1.3,1997-04-01,q
DJ4J,4.6,1997-04-01,q
DMWL,1.7,1997-04-01,q
DMWN,4.2,1997-04-01,q
DMWO,2.3,1997-04-01,q
FZLN,55.7,1997-04-01,q
FZLP,2.5,1997-04-01,q
FZLR,3,1997-04-01,q
FZLT,48.1,1997-04-01,q
FZLV,2.5,1997-04-01,q
FZLX,5.1,1997-04-01,q
LNNK,65.2,1997-04-01,q
LNNL,61.8,1997-04-01,q
LOJE,5.9,1997-04-01,q
DIX4,124.2,1997-07-01,q
DJ4I,-0.5,1997-07-01,q
DJ4J,3.3,1997-07-01,q
DMWL,1.2,1997-07-01,q
DMWN,5.1,1997-07-01,q
DMWO,1.3,1997-07-01,q
FZLN,54.9,1997-07-01,q
FZLP,-1.5,1997-07-01,q
FZLR,2.3,1997-07-01,q
FZLT,48.9,1997-07-01,q
FZLV,1.7,1997-07-01,q
FZLX,5.7,1997-07-01,q
LNNK,65.9,1997-07-01,q
LNNL,62.6,1997-07-01,q
LOJE,6.2,1997-07-01,q
DIX4,122.2,1997-10-01,q
DJ4I,-1.6,1997-10-01,q
DJ4J,1.5,1997-10-01,q
DMWL,-0.1,1997-10-01,q
DMWN,4.7,1997-10-01,q
DMWO,0.1,1997-10-01,q
FZLN,56,1997-10-01,q
FZLP,2.1,1997-10-01,q
FZLR,5.5,1997-10-01,q
FZLT,49.5,1997-10-01,q
FZLV,1.2,1997-10-01,q
FZLX,6.5,1997-10-01,q
LNNK,65.9,1997-10-01,q
LNNL,62.6,1997-10-01,q
LOJE,5.4,1997-10-01,q
DIX4,119.9,1998-01-01,q
DJ4I,-1.8,1998-01-01,q
DJ4J,-2.6,1998-01-01,q
DMWL,-0.6,1998-01-01,q
DMWN,2.8,1998-01-01,q
DMWO,-0.8,1998-01-01,q
FZLN,55,1998-01-01,q
FZLP,-1.9,1998-01-01,q
FZLR,1.1,1998-01-01,q
FZLT,49.2,1998-01-01,q
FZLV,-0.7,1998-01-01,q
FZLX,4.7,1998-01-01,q
LNNK,65.5,1998-01-01,q
LNNL,62.1,1998-01-01,q
LOJE,2.2,1998-01-01,q
DIX4,122.5,1998-04-01,q
DJ4I,2.2,1998-04-01,q
DJ4J,-1.8,1998-04-01,q
DMWL,1,1998-04-01,q
DMWN,1.8,1998-04-01,q
DMWO,1.3,1998-04-01,q
FZLN,55.7,1998-04-01,q
FZLP,1.3,1998-04-01,q
FZLR,-0.1,1998-04-01,q
FZLT,50.2,1998-04-01,q
FZLV,2.1,1998-04-01,q
FZLX,4.3,1998-04-01,q
LNNK,66.1,1998-04-01,q
LNNL,62.9,1998-04-01,q
LOJE,1.5,1998-04-01,q
DIX4,126.2,1998-07-01,q
DJ4I,3,1998-07-01,q
DJ4J,1.6,1998-07-01,q
DMWL,1.1,1998-07-01,q
DMWN,1.8,1998-07-01,q
DMWO,1.2,1998-07-01,q
FZLN,56.1,1998-07-01,q
FZLP,0.8,1998-07-01,q
FZLR,2.2,1998-07-01,q
FZLT,51,1998-07-01,q
FZLV,1.5,1998-07-01,q
FZLX,4.2,1998-07-01,q
LNNK,66.8,1998-07-01,q
LNNL,63.7,1998-07-01,q
LOJE,1.4,1998-07-01,q
DIX4,125.1,1998-10-01,q
DJ4I,-0.9,1998-10-01,q
DJ4J,2.4,1998-10-01,q
DMWL,-0.3,1998-10-01,q
DMWN,1.6,1998-10-01,q
DMWO,-0.1,1998-10-01,q
FZLN,55.8,1998-10-01,q
FZLP,-0.6,1998-10-01,q
FZLR,-0.5,1998-10-01,q
FZLT,51.6,1998-10-01,q
FZLV,1.2,1998-10-01,q
FZLX,4.3,1998-10-01,q
LNNK,66.6,1998-10-01,q
LNNL,63.6,1998-10-01,q
LOJE,1.2,1998-10-01,q
DIX4,120.9,1999-01-01,q
DJ4I,-3.4,1999-01-01,q
DJ4J,0.8,1999-01-01,q
DMWL,1.9,1999-01-01,q
DMWN,4.6,1999-01-01,q
DMWO,2.1,1999-01-01,q
FZLN,57,1999-01-01,q
FZLP,2.3,1999-01-01,q
FZLR,3.8,1999-01-01,q
FZLT,52.7,1999-01-01,q
FZLV,2.2,1999-01-01,q
FZLX,7.3,1999-01-01,q
LNNK,67.9,1999-01-01,q
LNNL,65,1999-01-01,q
LOJE,3.7,1999-01-01,q
DIX4,120.3,1999-04-01,q
DJ4I,-0.4,1999-04-01,q
DJ4J,-1.8,1999-04-01,q
DMWL,2.7,1999-04-01,q
DMWN,5.7,1999-04-01,q
DMWO,2.4,1999-04-01,q
FZLN,58,1999-04-01,q
FZLP,1.8,1999-04-01,q
FZLR,4.3,1999-04-01,q
FZLT,53.9,1999-04-01,q
FZLV,2.3,1999-04-01,q
FZLX,7.4,1999-04-01,q
LNNK,69.7,1999-04-01,q
LNNL,66.5,1999-04-01,q
LOJE,5.4,1999-04-01,q
DIX4,116.8,1999-07-01,q
DJ4I,-2.9,1999-07-01,q
DJ4J,-7.4,1999-07-01,q
DMWL,0.1,1999-07-01,q
DMWN,4.6,1999-07-01,q
DMWO,0.2,1999-07-01,q
FZLN,58.4,1999-07-01,q
FZLP,0.6,1999-07-01,q
FZLR,4.1,1999-07-01,q
FZLT,54.7,1999-07-01,q
FZLV,1.3,1999-07-01,q
FZLX,7.2,1999-07-01,q
LNNK,69.7,1999-07-01,q
LNNL,66.6,1999-07-01,q
LOJE,4.3,1999-07-01,q
DIX4,114.9,1999-10-01,q
DJ4I,-1.7,1999-10-01,q
DJ4J,-8.2,1999-10-01,q
DMWL,0.2,1999-10-01,q
DMWN,4.7,1999-10-01,q
DMWO,-0.1,1999-10-01,q
FZLN,57.9,1999-10-01,q
FZLP,-0.9,1999-10-01,q
FZLR,3.8,1999-10-01,q
FZLT,55.2,1999-10-01,q
FZLV,1.1,1999-10-01,q
FZLX,7,1999-10-01,q
LNNK,69.9,1999-10-01,q
LNNL,66.6,1999-10-01,q
LOJE,4.8,1999-10-01,q
DIX4,113.6,2000-01-01,q
DJ4I,-1.1,2000-01-01,q
DJ4J,-6,2000-01-01,q
DMWL,-0.8,2000-01-01,q
DMWN,2.4,2000-01-01,q
DMWO,-0.1,2000-01-01,q
FZLN,57.5,2000-01-01,q
FZLP,-0.7,2000-01-01,q
FZLR,0.8,2000-01-01,q
FZLT,56.6,2000-01-01,q
FZLV,2.4,2000-01-01,q
FZLX,7.3,2000-01-01,q
LNNK,69.3,2000-01-01,q
LNNL,66.5,2000-01-01,q
LOJE,2,2000-01-01,q
DIX4,115,2000-04-01,q
DJ4I,1.3,2000-04-01,q
DJ4J,-4.4,2000-04-01,q
DMWL,1.2,2000-04-01,q
DMWN,1.5,2000-04-01,q
DMWO,1.5,2000-04-01,q
FZLN,58.5,2000-04-01,q
FZLP,1.8,2000-04-01,q
FZLR,0.9,2000-04-01,q
FZLT,57.2,2000-04-01,q
FZLV,1.1,2000-04-01,q
FZLX,6.1,2000-04-01,q
LNNK,70.1,2000-04-01,q
LNNL,67.5,2000-04-01,q
LOJE,0.6,2000-04-01,q
DIX4,114.6,2000-07-01,q
DJ4I,-0.3,2000-07-01,q
DJ4J,-1.9,2000-07-01,q
DMWL,1.8,2000-07-01,q
DMWN,2.8,2000-07-01,q
DMWO,1.5,2000-07-01,q
FZLN,59.1,2000-07-01,q
FZLP,1,2000-07-01,q
FZLR,1.2,2000-07-01,q
FZLT,58.4,2000-07-01,q
FZLV,2.1,2000-07-01,q
FZLX,6.8,2000-07-01,q
LNNK,71.3,2000-07-01,q
LNNL,68.5,2000-07-01,q
LOJE,2.3,2000-07-01,q
DIX4,111.7,2000-10-01,q
DJ4I,-2.6,2000-10-01,q
DJ4J,-2.8,2000-10-01,q
DMWL,1.7,2000-10-01,q
DMWN,5.1,2000-10-01,q
DMWO,2.2,2000-10-01,q
FZLN,60.4,2000-10-01,q
FZLP,2.2,2000-10-01,q
FZLR,4.4,2000-10-01,q
FZLT,59.5,2000-10-01,q
FZLV,1.9,2000-10-01,q
FZLX,7.7,2000-10-01,q
LNNK,72.5,2000-10-01,q
LNNL,70,2000-10-01,q
LOJE,3.8,2000-10-01,q
DIX4,109.5,2001-01-01,q
DJ4I,-1.9,2001-01-01,q
DJ4J,-3.6,2001-01-01,q
DMWL,1.3,2001-01-01,q
DMWN,6.8,2001-01-01,q
DMWO,1.5,2001-01-01,q
FZLN,60.7,2001-01-01,q
FZLP,0.4,2001-01-01,q
FZLR,5.5,2001-01-01,q
FZLT,61,2001-01-01,q
FZLV,2.6,2001-01-01,q
FZLX,7.8,2001-01-01,q
LNNK,73.4,2001-01-01,q
LNNL,71,2001-01-01,q
LOJE,6,2001-01-01,q
DIX4,111,2001-04-01,q
DJ4I,1.3,2001-04-01,q
DJ4J,-3.5,2001-04-01,q
DMWL,0.4,2001-04-01,q
DMWN,4.9,2001-04-01,q
DMWO,-0.4,2001-04-01,q
FZLN,59.8,2001-04-01,q
FZLP,-1.4,2001-04-01,q
FZLR,2.2,2001-04-01,q
FZLT,60.6,2001-04-01,q
FZLV,-0.6,2001-04-01,q
FZLX,5.9,2001-04-01,q
LNNK,73.7,2001-04-01,q
LNNL,70.8,2001-04-01,q
LOJE,5.1,2001-04-01,q
DIX4,109.5,2001-07-01,q
DJ4I,-1.3,2001-07-01,q
DJ4J,-4.5,2001-07-01,q
DMWL,0.2,2001-07-01,q
DMWN,3.4,2001-07-01,q
DMWO,0.1,2001-07-01,q
FZLN,59.7,2001-07-01,q
FZLP,-0.2,2001-07-01,q
FZLR,1,2001-07-01,q
FZLT,60.9,2001-07-01,q
FZLV,0.6,2001-07-01,q
FZLX,4.4,2001-07-01,q
LNNK,73.8,2001-07-01,q
LNNL,70.8,2001-07-01,q
LOJE,3.5,2001-07-01,q
DIX4,110.1,2001-10-01,q
DJ4I,0.5,2001-10-01,q
DJ4J,-1.4,2001-10-01,q
DMWL,0.9,2001-10-01,q
DMWN,2,2001-10-01,q
DMWO,0.9,2001-10-01,q
FZLN,60.2,2001-10-01,q
FZLP,0.8,2001-10-01,q
FZLR,-0.4,2001-10-01,q
FZLT,61.6,2001-10-01,q
FZLV,1,2001-10-01,q
FZLX,3.5,2001-10-01,q
LNNK,74.5,2001-10-01,q
LNNL,71.4,2001-10-01,q
LOJE,2.8,2001-10-01,q
DIX4,105.6,2002-01-01,q
DJ4I,-4.1,2002-01-01,q
DJ4J,-3.6,2002-01-01,q
DMWL,0,2002-01-01,q
DMWN,0.7,2002-01-01,q
DMWO,0.2,2002-01-01,q
FZLN,59.8,2002-01-01,q
FZLP,-0.6,2002-01-01,q
FZLR,-1.5,2002-01-01,q
FZLT,62,2002-01-01,q
FZLV,0.7,2002-01-01,q
FZLX,1.7,2002-01-01,q
LNNK,74.5,2002-01-01,q
LNNL,71.5,2002-01-01,q
LOJE,1.5,2002-01-01,q
DIX4,106.2,2002-04-01,q
DJ4I,0.6,2002-04-01,q
DJ4J,-4.3,2002-04-01,q
DMWL,0,2002-04-01,q
DMWN,1.2,2002-04-01,q
DMWO,0.1,2002-04-01,q
FZLN,59.3,2002-04-01,q
FZLP,-0.8,2002-04-01,q
FZLR,-0.9,2002-04-01,q
FZLT,62.7,2002-04-01,q
FZLV,1.2,2002-04-01,q
FZLX,3.5,2002-04-01,q
LNNK,74.5,2002-04-01,q
LNNL,71.6,2002-04-01,q
LOJE,1.1,2002-04-01,q
DIX4,103.5,2002-07-01,q
DJ4I,-2.5,2002-07-01,q
DJ4J,-5.5,2002-07-01,q
DMWL,0.3,2002-07-01,q
DMWN,1.2,2002-07-01,q
DMWO,0,2002-07-01,q
FZLN,59,2002-07-01,q
FZLP,-0.5,2002-07-01,q
FZLR,-1.2,2002-07-01,q
FZLT,62.7,2002-07-01,q
FZLV,-0.1,2002-07-01,q
FZLX,2.8,2002-07-01,q
LNNK,74.7,2002-07-01,q
LNNL,71.7,2002-07-01,q
LOJE,1.2,2002-07-01,q
DIX4,104.2,2002-10-01,q
DJ4I,0.7,2002-10-01,q
DJ4J,-5.3,2002-10-01,q
DMWL,0.2,2002-10-01,q
DMWN,0.6,2002-10-01,q
DMWO,0.3,2002-10-01,q
FZLN,58.7,2002-10-01,q
FZLP,-0.6,2002-10-01,q
FZLR,-2.5,2002-10-01,q
FZLT,63.3,2002-10-01,q
FZLV,1,2002-10-01,q
FZLX,2.8,2002-10-01,q
LNNK,74.9,2002-10-01,q
LNNL,71.8,2002-10-01,q
LOJE,0.5,2002-10-01,q
DIX4,101.5,2003-01-01,q
DJ4I,-2.6,2003-01-01,q
DJ4J,-3.9,2003-01-01,q
DMWL,0,2003-01-01,q
DMWN,0.8,2003-01-01,q
DMWO,0.4,2003-01-01,q
FZLN,58.7,2003-01-01,q
FZLP,0.1,2003-01-01,q
FZLR,-1.8,2003-01-01,q
FZLT,64.1,2003-01-01,q
FZLV,1.2,2003-01-01,q
FZLX,3.4,2003-01-01,q
LNNK,74.9,2003-01-01,q
LNNL,72.1,2003-01-01,q
LOJE,0.4,2003-01-01,q
DIX4,100.5,2003-04-01,q
DJ4I,-1,2003-04-01,q
DJ4J,-5.3,2003-04-01,q
DMWL,0.6,2003-04-01,q
DMWN,1.1,2003-04-01,q
DMWO,0.4,2003-04-01,q
FZLN,58.3,2003-04-01,q
FZLP,-0.7,2003-04-01,q
FZLR,-1.8,2003-04-01,q
FZLT,64.7,2003-04-01,q
FZLV,0.9,2003-04-01,q
FZLX,3.1,2003-04-01,q
LNNK,75.4,2003-04-01,q
LNNL,72.4,2003-04-01,q
LOJE,1.1,2003-04-01,q
DIX4,99.6,2003-07-01,q
DJ4I,-0.9,2003-07-01,q
DJ4J,-3.8,2003-07-01,q
DMWL,0.6,2003-07-01,q
DMWN,2.4,2003-07-01,q
DMWO,1.3,2003-07-01,q
FZLN,58.5,2003-07-01,q
FZLP,0.5,2003-07-01,q
FZLR,-0.8,2003-07-01,q
FZLT,66,2003-07-01,q
FZLV,2.1,2003-07-01,q
FZLX,5.3,2003-07-01,q
LNNK,75.8,2003-07-01,q
LNNL,73.3,2003-07-01,q
LOJE,1.5,2003-07-01,q
DIX4,97.7,2003-10-01,q
DJ4I,-1.9,2003-10-01,q
DJ4J,-6.2,2003-10-01,q
DMWL,1.1,2003-10-01,q
DMWN,3,2003-10-01,q
DMWO,0.8,2003-10-01,q
FZLN,59.2,2003-10-01,q
FZLP,1.1,2003-10-01,q
FZLR,0.9,2003-10-01,q
FZLT,67.3,2003-10-01,q
FZLV,1.9,2003-10-01,q
FZLX,6.3,2003-10-01,q
LNNK,76.7,2003-10-01,q
LNNL,74,2003-10-01,q
LOJE,2.4,2003-10-01,q
DIX4,95.2,2004-01-01,q
DJ4I,-2.6,2004-01-01,q
DJ4J,-6.3,2004-01-01,q
DMWL,1.6,2004-01-01,q
DMWN,4.5,2004-01-01,q
DMWO,1.8,2004-01-01,q
FZLN,60,2004-01-01,q
FZLP,1.5,2004-01-01,q
FZLR,2.3,2004-01-01,q
FZLT,68,2004-01-01,q
FZLV,1.1,2004-01-01,q
FZLX,6.2,2004-01-01,q
LNNK,77.9,2004-01-01,q
LNNL,75.3,2004-01-01,q
LOJE,4,2004-01-01,q
DIX4,97.3,2004-04-01,q
DJ4I,2.3,2004-04-01,q
DJ4J,-3.2,2004-04-01,q
DMWL,-0.2,2004-04-01,q
DMWN,3.9,2004-04-01,q
DMWO,-0.1,2004-04-01,q
FZLN,58.9,2004-04-01,q
FZLP,-1.9,2004-04-01,q
FZLR,1.1,2004-04-01,q
FZLT,68.6,2004-04-01,q
FZLV,0.9,2004-04-01,q
FZLX,6.2,2004-04-01,q
LNNK,77.7,2004-04-01,q
LNNL,75.2,2004-04-01,q
LOJE,3.1,2004-04-01,q
DIX4,100.5,2004-07-01,q
DJ4I,3.3,2004-07-01,q
DJ4J,0.9,2004-07-01,q
DMWL,1.5,2004-07-01,q
DMWN,4.1,2004-07-01,q
DMWO,1.5,2004-07-01,q
FZLN,59.7,2004-07-01,q
FZLP,1.4,2004-07-01,q
FZLR,2,2004-07-01,q
FZLT,69.8,2004-07-01,q
FZLV,1.6,2004-07-01,q
FZLX,5.7,2004-07-01,q
LNNK,78.8,2004-07-01,q
LNNL,76.4,2004-07-01,q
LOJE,3.9,2004-07-01,q
DIX4,99.6,2004-10-01,q
DJ4I,-0.9,2004-10-01,q
DJ4J,2,2004-10-01,q
DMWL,1.2,2004-10-01,q
DMWN,4.7,2004-10-01,q
DMWO,1.4,2004-10-01,q
FZLN,59.6,2004-10-01,q
FZLP,-0.3,2004-10-01,q
FZLR,0.7,2004-10-01,q
FZLT,70.1,2004-10-01,q
FZLV,0.5,2004-10-01,q
FZLX,4.2,2004-10-01,q
LNNK,79.8,2004-10-01,q
LNNL,77.4,2004-10-01,q
LOJE,4,2004-10-01,q
DIX4,97.6,2005-01-01,q
DJ4I,-2,2005-01-01,q
DJ4J,2.6,2005-01-01,q
DMWL,1.1,2005-01-01,q
DMWN,4.1,2005-01-01,q
DMWO,1.3,2005-01-01,q
FZLN,60.1,2005-01-01,q
FZLP,0.9,2005-01-01,q
FZLR,0.1,2005-01-01,q
FZLT,71.5,2005-01-01,q
FZLV,2,2005-01-01,q
FZLX,5.1,2005-01-01,q
LNNK,80.7,2005-01-01,q
LNNL,78.4,2005-01-01,q
LOJE,3.6,2005-01-01,q
DIX4,95.4,2005-04-01,q
DJ4I,-2.3,2005-04-01,q
DJ4J,-2,2005-04-01,q
DMWL,-1.2,2005-04-01,q
DMWN,3.6,2005-04-01,q
DMWO,-0.6,2005-04-01,q
FZLN,59,2005-04-01,q
FZLP,-1.9,2005-04-01,q
FZLR,0.2,2005-04-01,q
FZLT,71.9,2005-04-01,q
FZLV,0.5,2005-04-01,q
FZLX,4.7,2005-04-01,q
LNNK,79.7,2005-04-01,q
LNNL,78,2005-04-01,q
LOJE,2.6,2005-04-01,q
DIX4,95.2,2005-07-01,q
DJ4I,-0.2,2005-07-01,q
DJ4J,-5.3,2005-07-01,q
DMWL,0.6,2005-07-01,q
DMWN,2.9,2005-07-01,q
DMWO,0.8,2005-07-01,q
FZLN,59.4,2005-07-01,q
FZLP,0.7,2005-07-01,q
FZLR,-0.5,2005-07-01,q
FZLT,72.6,2005-07-01,q
FZLV,1,2005-07-01,q
FZLX,4.1,2005-07-01,q
LNNK,80.1,2005-07-01,q
LNNL,78.6,2005-07-01,q
LOJE,1.7,2005-07-01,q
DIX4,93.2,2005-10-01,q
DJ4I,-2.1,2005-10-01,q
DJ4J,-6.5,2005-10-01,q
DMWL,-1.4,2005-10-01,q
DMWN,0.8,2005-10-01,q
DMWO,-0.7,2005-10-01,q
FZLN,58.8,2005-10-01,q
FZLP,-1.1,2005-10-01,q
FZLR,-1.4,2005-10-01,q
FZLT,72.9,2005-10-01,q
FZLV,0.5,2005-10-01,q
FZLX,4,2005-10-01,q
LNNK,79,2005-10-01,q
LNNL,78,2005-10-01,q
LOJE,-0.9,2005-10-01,q
DIX4,91.4,2006-01-01,q
DJ4I,-1.9,2006-01-01,q
DJ4J,-6.4,2006-01-01,q
DMWL,3.3,2006-01-01,q
DMWN,2.4,2006-01-01,q
DMWO,2.9,2006-01-01,q
FZLN,60,2006-01-01,q
FZLP,2.2,2006-01-01,q
FZLR,-0.1,2006-01-01,q
FZLT,75.1,2006-01-01,q
FZLV,2.9,2006-01-01,q
FZLX,5,2006-01-01,q
LNNK,81.7,2006-01-01,q
LNNL,80.3,2006-01-01,q
LOJE,1.2,2006-01-01,q
DIX4,91.6,2006-04-01,q
DJ4I,0.2,2006-04-01,q
DJ4J,-4,2006-04-01,q
DMWL,0.3,2006-04-01,q
DMWN,2.4,2006-04-01,q
DMWO,-0.6,2006-04-01,q
FZLN,58.8,2006-04-01,q
FZLP,-2,2006-04-01,q
FZLR,-0.3,2006-04-01,q
FZLT,75,2006-04-01,q
FZLV,-0.1,2006-04-01,q
FZLX,4.4,2006-04-01,q
LNNK,81.9,2006-04-01,q
LNNL,79.8,2006-04-01,q
LOJE,2.7,2006-04-01,q
DIX4,91.6,2006-07-01,q
DJ4I,0.1,2006-07-01,q
DJ4J,-3.8,2006-07-01,q
DMWL,0.9,2006-07-01,q
DMWN,3.1,2006-07-01,q
DMWO,1.5,2006-07-01,q
FZLN,59.1,2006-07-01,q
FZLP,0.6,2006-07-01,q
FZLR,-0.5,2006-07-01,q
FZLT,76.1,2006-07-01,q
FZLV,1.4,2006-07-01,q
FZLX,4.8,2006-07-01,q
LNNK,82.6,2006-07-01,q
LNNL,81,2006-07-01,q
LOJE,3,2006-07-01,q
DIX4,90.6,2006-10-01,q
DJ4I,-1.1,2006-10-01,q
DJ4J,-2.7,2006-10-01,q
DMWL,1.3,2006-10-01,q
DMWN,6.3,2006-10-01,q
DMWO,2.4,2006-10-01,q
FZLN,60.8,2006-10-01,q
FZLP,2.8,2006-10-01,q
FZLR,3.5,2006-10-01,q
FZLT,77.9,2006-10-01,q
FZLV,2.4,2006-10-01,q
FZLX,6.8,2006-10-01,q
LNNK,83.6,2006-10-01,q
LNNL,82.9,2006-10-01,q
LOJE,5.8,2006-10-01,q
DIX4,91.5,2007-01-01,q
DJ4I,0.9,2007-01-01,q
DJ4J,0.1,2007-01-01,q
DMWL,2.5,2007-01-01,q
DMWN,4.1,2007-01-01,q
DMWO,0.8,2007-01-01,q
FZLN,61.4,2007-01-01,q
FZLP,0.9,2007-01-01,q
FZLR,2.2,2007-01-01,q
FZLT,79.3,2007-01-01,q
FZLV,1.8,2007-01-01,q
FZLX,5.7,2007-01-01,q
LNNK,85.7,2007-01-01,q
LNNL,83.6,2007-01-01,q
LOJE,5,2007-01-01,q
DIX4,91.6,2007-04-01,q
DJ4I,0.2,2007-04-01,q
DJ4J,0,2007-04-01,q
DMWL,-1,2007-04-01,q
DMWN,4.6,2007-04-01,q
DMWO,-0.1,2007-04-01,q
FZLN,59.9,2007-04-01,q
FZLP,-2.4,2007-04-01,q
FZLR,1.9,2007-04-01,q
FZLT,79.3,2007-04-01,q
FZLV,0,2007-04-01,q
FZLX,5.7,2007-04-01,q
LNNK,84.9,2007-04-01,q
LNNL,83.5,2007-04-01,q
LOJE,3.7,2007-04-01,q
DIX4,92.7,2007-07-01,q
DJ4I,1.1,2007-07-01,q
DJ4J,1.1,2007-07-01,q
DMWL,1.5,2007-07-01,q
DMWN,4.3,2007-07-01,q
DMWO,1.2,2007-07-01,q
FZLN,60.5,2007-07-01,q
FZLP,1,2007-07-01,q
FZLR,2.3,2007-07-01,q
FZLT,80.7,2007-07-01,q
FZLV,1.7,2007-07-01,q
FZLX,6,2007-07-01,q
LNNK,86.1,2007-07-01,q
LNNL,84.5,2007-07-01,q
LOJE,4.3,2007-07-01,q
DIX4,91.7,2007-10-01,q
DJ4I,-1,2007-10-01,q
DJ4J,1.2,2007-10-01,q
DMWL,0.1,2007-10-01,q
DMWN,1.2,2007-10-01,q
DMWO,-0.8,2007-10-01,q
FZLN,60,2007-10-01,q
FZLP,-0.8,2007-10-01,q
FZLR,-1.3,2007-10-01,q
FZLT,80.6,2007-10-01,q
FZLV,-0.1,2007-10-01,q
FZLX,3.5,2007-10-01,q
LNNK,86.2,2007-10-01,q
LNNL,83.9,2007-10-01,q
LOJE,3.1,2007-10-01,q
DIX4,90.1,2008-01-01,q
DJ4I,-1.8,2008-01-01,q
DJ4J,-1.5,2008-01-01,q
DMWL,1,2008-01-01,q
DMWN,1.4,2008-01-01,q
DMWO,1.1,2008-01-01,q
FZLN,60.3,2008-01-01,q
FZLP,0.5,2008-01-01,q
FZLR,-1.7,2008-01-01,q
FZLT,81,2008-01-01,q
FZLV,0.5,2008-01-01,q
FZLX,2.1,2008-01-01,q
LNNK,87.1,2008-01-01,q
LNNL,84.8,2008-01-01,q
LOJE,1.6,2008-01-01,q
DIX4,91.2,2008-04-01,q
DJ4I,1.2,2008-04-01,q
DJ4J,-0.5,2008-04-01,q
DMWL,-0.6,2008-04-01,q
DMWN,0.8,2008-04-01,q
DMWO,-0.8,2008-04-01,q
FZLN,59.3,2008-04-01,q
FZLP,-1.7,2008-04-01,q
FZLR,-1.1,2008-04-01,q
FZLT,81,2008-04-01,q
FZLV,0,2008-04-01,q
FZLX,2.2,2008-04-01,q
LNNK,86.6,2008-04-01,q
LNNL,84.2,2008-04-01,q
LOJE,2,2008-04-01,q
DIX4,90.5,2008-07-01,q
DJ4I,-0.7,2008-07-01,q
DJ4J,-2.3,2008-07-01,q
DMWL,1.3,2008-07-01,q
DMWN,0.4,2008-07-01,q
DMWO,0.9,2008-07-01,q
FZLN,58.4,2008-07-01,q
FZLP,-1.5,2008-07-01,q
FZLR,-3.5,2008-07-01,q
FZLT,80.4,2008-07-01,q
FZLV,-0.8,2008-07-01,q
FZLX,-0.4,2008-07-01,q
LNNK,87.7,2008-07-01,q
LNNL,84.9,2008-07-01,q
LOJE,1.8,2008-07-01,q
DIX4,93.5,2008-10-01,q
DJ4I,3.3,2008-10-01,q
DJ4J,2,2008-10-01,q
DMWL,1.5,2008-10-01,q
DMWN,3.3,2008-10-01,q
DMWO,2,2008-10-01,q
FZLN,58.8,2008-10-01,q
FZLP,0.6,2008-10-01,q
FZLR,-2.1,2008-10-01,q
FZLT,80.6,2008-10-01,q
FZLV,0.3,2008-10-01,q
FZLX,0,2008-10-01,q
LNNK,89,2008-10-01,q
LNNL,86.6,2008-10-01,q
LOJE,3.2,2008-10-01,q
DIX4,95.6,2009-01-01,q
DJ4I,2.2,2009-01-01,q
DJ4J,6.1,2009-01-01,q
DMWL,-0.1,2009-01-01,q
DMWN,3,2009-01-01,q
DMWO,0.8,2009-01-01,q
FZLN,59.2,2009-01-01,q
FZLP,0.7,2009-01-01,q
FZLR,-1.9,2009-01-01,q
FZLT,81.1,2009-01-01,q
FZLV,0.6,2009-01-01,q
FZLX,0.1,2009-01-01,q
LNNK,88.9,2009-01-01,q
LNNL,87.3,2009-01-01,q
LOJE,2.1,2009-01-01,q
DIX4,94.1,2009-04-01,q
DJ4I,-1.5,2009-04-01,q
DJ4J,3.2,2009-04-01,q
DMWL,2.2,2009-04-01,q
DMWN,5.4,2009-04-01,q
DMWO,1.6,2009-04-01,q
FZLN,60.1,2009-04-01,q
FZLP,1.6,2009-04-01,q
FZLR,1.5,2009-04-01,q
FZLT,82.4,2009-04-01,q
FZLV,1.6,2009-04-01,q
FZLX,1.7,2009-04-01,q
LNNK,90.9,2009-04-01,q
LNNL,88.7,2009-04-01,q
LOJE,5,2009-04-01,q
DIX4,94.7,2009-07-01,q
DJ4I,0.6,2009-07-01,q
DJ4J,4.6,2009-07-01,q
DMWL,-0.4,2009-07-01,q
DMWN,4,2009-07-01,q
DMWO,-0.5,2009-07-01,q
FZLN,59.7,2009-07-01,q
FZLP,-0.7,2009-07-01,q
FZLR,2.3,2009-07-01,q
FZLT,82.6,2009-07-01,q
FZLV,0.3,2009-07-01,q
FZLX,2.8,2009-07-01,q
LNNK,90.6,2009-07-01,q
LNNL,88.3,2009-07-01,q
LOJE,3.3,2009-07-01,q
DIX4,95,2009-10-01,q
DJ4I,0.4,2009-10-01,q
DJ4J,1.6,2009-10-01,q
DMWL,-0.3,2009-10-01,q
DMWN,3.1,2009-10-01,q
DMWO,1.2,2009-10-01,q
FZLN,61.1,2009-10-01,q
FZLP,2.3,2009-10-01,q
FZLR,4,2009-10-01,q
FZLT,83.9,2009-10-01,q
FZLV,1.6,2009-10-01,q
FZLX,4.1,2009-10-01,q
LNNK,90.3,2009-10-01,q
LNNL,89.3,2009-10-01,q
LOJE,1.5,2009-10-01,q
DIX4,95.3,2010-01-01,q
DJ4I,0.3,2010-01-01,q
DJ4J,-0.3,2010-01-01,q
DMWL,-1.3,2010-01-01,q
DMWN,2.2,2010-01-01,q
DMWO,0,2010-01-01,q
FZLN,60.7,2010-01-01,q
FZLP,-0.7,2010-01-01,q
FZLR,2.6,2010-01-01,q
FZLT,84.8,2010-01-01,q
FZLV,1,2010-01-01,q
FZLX,4.5,2010-01-01,q
LNNK,89.2,2010-01-01,q
LNNL,89.3,2010-01-01,q
LOJE,0.3,2010-01-01,q
DIX4,93.6,2010-04-01,q
DJ4I,-1.8,2010-04-01,q
DJ4J,-0.6,2010-04-01,q
DMWL,-1.3,2010-04-01,q
DMWN,-0.5,2010-04-01,q
DMWO,-1.1,2010-04-01,q
FZLN,60.6,2010-04-01,q
FZLP,-0.1,2010-04-01,q
FZLR,0.8,2010-04-01,q
FZLT,84.1,2010-04-01,q
FZLV,-0.8,2010-04-01,q
FZLX,2.1,2010-04-01,q
LNNK,88,2010-04-01,q
LNNL,88.3,2010-04-01,q
LOJE,-3.1,2010-04-01,q
DIX4,94.8,2010-07-01,q
DJ4I,1.4,2010-07-01,q
DJ4J,0.2,2010-07-01,q
DMWL,0.6,2010-07-01,q
DMWN,-0.1,2010-07-01,q
DMWO,-0.1,2010-07-01,q
FZLN,59.8,2010-07-01,q
FZLP,-1.2,2010-07-01,q
FZLR,0.2,2010-07-01,q
FZLT,84.2,2010-07-01,q
FZLV,0.1,2010-07-01,q
FZLX,1.9,2010-07-01,q
LNNK,88.5,2010-07-01,q
LNNL,88.2,2010-07-01,q
LOJE,-2.3,2010-07-01,q
DIX4,95.4,2010-10-01,q
DJ4I,0.5,2010-10-01,q
DJ4J,0.3,2010-10-01,q
DMWL,0.1,2010-10-01,q
DMWN,-0.9,2010-10-01,q
DMWO,0.3,2010-10-01,q
FZLN,59.8,2010-10-01,q
FZLP,-0.1,2010-10-01,q
FZLR,-2.2,2010-10-01,q
FZLT,84.2,2010-10-01,q
FZLV,0,2010-10-01,q
FZLX,0.3,2010-10-01,q
LNNK,88.6,2010-10-01,q
LNNL,88.5,2010-10-01,q
LOJE,-1.9,2010-10-01,q
DIX4,96.8,2011-01-01,q
DJ4I,1.5,2011-01-01,q
DJ4J,1.5,2011-01-01,q
DMWL,2.4,2011-01-01,q
DMWN,1.1,2011-01-01,q
DMWO,2,2011-01-01,q
FZLN,60.4,2011-01-01,q
FZLP,1,2011-01-01,q
FZLR,-0.5,2011-01-01,q
FZLT,85.9,2011-01-01,q
FZLV,2,2011-01-01,q
FZLX,1.3,2011-01-01,q
LNNK,90.8,2011-01-01,q
LNNL,90.2,2011-01-01,q
LOJE,1.8,2011-01-01,q
DIX4,95.9,2011-04-01,q
DJ4I,-0.8,2011-04-01,q
DJ4J,2.5,2011-04-01,q
DMWL,-0.7,2011-04-01,q
DMWN,1.2,2011-04-01,q
DMWO,-1,2011-04-01,q
FZLN,60.3,2011-04-01,q
FZLP,0,2011-04-01,q
FZLR,-0.4,2011-04-01,q
FZLT,86,2011-04-01,q
FZLV,0.2,2011-04-01,q
FZLX,2.3,2011-04-01,q
LNNK,90.1,2011-04-01,q
LNNL,89.3,2011-04-01,q
LOJE,2.4,2011-04-01,q
DIX4,96.9,2011-07-01,q
DJ4I,1,2011-07-01,q
DJ4J,2.2,2011-07-01,q
DMWL,-0.9,2011-07-01,q
DMWN,0.7,2011-07-01,q
DMWO,-0.6,2011-07-01,q
FZLN,59.6,2011-07-01,q
FZLP,-1.1,2011-07-01,q
FZLR,-0.3,2011-07-01,q
FZLT,85.3,2011-07-01,q
FZLV,-0.8,2011-07-01,q
FZLX,1.4,2011-07-01,q
LNNK,89.3,2011-07-01,q
LNNL,88.8,2011-07-01,q
LOJE,0.9,2011-07-01,q
DIX4,97,2011-10-01,q
DJ4I,0.1,2011-10-01,q
DJ4J,1.7,2011-10-01,q
DMWL,-0.3,2011-10-01,q
DMWN,0.1,2011-10-01,q
DMWO,-0.3,2011-10-01,q
FZLN,59.3,2011-10-01,q
FZLP,-0.6,2011-10-01,q
FZLR,-0.8,2011-10-01,q
FZLT,85.4,2011-10-01,q
FZLV,0,2011-10-01,q
FZLX,1.4,2011-10-01,q
LNNK,89.1,2011-10-01,q
LNNL,88.5,2011-10-01,q
LOJE,0.5,2011-10-01,q
DIX4,95.4,2012-01-01,q
DJ4I,-1.6,2012-01-01,q
DJ4J,-1.4,2012-01-01,q
DMWL,0.2,2012-01-01,q
DMWN,-1.4,2012-01-01,q
DMWO,0.4,2012-01-01,q
FZLN,59.4,2012-01-01,q
FZLP,0.2,2012-01-01,q
FZLR,-1.6,2012-01-01,q
FZLT,85.7,2012-01-01,q
FZLV,0.3,2012-01-01,q
FZLX,-0.2,2012-01-01,q
LNNK,89.2,2012-01-01,q
LNNL,88.9,2012-01-01,q
LOJE,-1.7,2012-01-01,q
DIX4,97.8,2012-04-01,q
DJ4I,2.4,2012-04-01,q
DJ4J,1.9,2012-04-01,q
DMWL,0.4,2012-04-01,q
DMWN,0.2,2012-04-01,q
DMWO,0.6,2012-04-01,q
FZLN,59.5,2012-04-01,q
FZLP,0.1,2012-04-01,q
FZLR,-1.4,2012-04-01,q
FZLT,85.5,2012-04-01,q
FZLV,-0.1,2012-04-01,q
FZLX,-0.6,2012-04-01,q
LNNK,89.5,2012-04-01,q
LNNL,89.5,2012-04-01,q
LOJE,-0.6,2012-04-01,q
DIX4,97.1,2012-07-01,q
DJ4I,-0.7,2012-07-01,q
DJ4J,0.2,2012-07-01,q
DMWL,-0.3,2012-07-01,q
DMWN,0.4,2012-07-01,q
DMWO,-0.4,2012-07-01,q
FZLN,58.9,2012-07-01,q
FZLP,-1,2012-07-01,q
FZLR,-1.3,2012-07-01,q
FZLT,85.3,2012-07-01,q
FZLV,-0.3,2012-07-01,q
FZLX,0,2012-07-01,q
LNNK,89.3,2012-07-01,q
LNNL,89.1,2012-07-01,q
LOJE,0,2012-07-01,q
DIX4,96.7,2012-10-01,q
DJ4I,-0.4,2012-10-01,q
DJ4J,-0.3,2012-10-01,q
DMWL,0.5,2012-10-01,q
DMWN,1.1,2012-10-01,q
DMWO,0.4,2012-10-01,q
FZLN,59.1,2012-10-01,q
FZLP,0.3,2012-10-01,q
FZLR,-0.4,2012-10-01,q
FZLT,85.2,2012-10-01,q
FZLV,-0.1,2012-10-01,q
FZLX,-0.2,2012-10-01,q
LNNK,89.7,2012-10-01,q
LNNL,89.5,2012-10-01,q
LOJE,0.8,2012-10-01,q
DIX4,95.4,2013-01-01,q
DJ4I,-1.4,2013-01-01,q
DJ4J,-0.1,2013-01-01,q
DMWL,0,2013-01-01,q
DMWN,0.4,2013-01-01,q
DMWO,-0.2,2013-01-01,q
FZLN,58.4,2013-01-01,q
FZLP,-1.1,2013-01-01,q
FZLR,-1.7,2013-01-01,q
FZLT,85.3,2013-01-01,q
FZLV,0.1,2013-01-01,q
FZLX,-0.4,2013-01-01,q
LNNK,89.8,2013-01-01,q
LNNL,89.3,2013-01-01,q
LOJE,0.6,2013-01-01,q
DIX4,95,2013-04-01,q
DJ4I,-0.4,2013-04-01,q
DJ4J,-2.8,2013-04-01,q
DMWL,3.1,2013-04-01,q
DMWN,2.5,2013-04-01,q
DMWO,2.8,2013-04-01,q
FZLN,59.8,2013-04-01,q
FZLP,2.3,2013-04-01,q
FZLR,0.5,2013-04-01,q
FZLT,87.9,2013-04-01,q
FZLV,3,2013-04-01,q
FZLX,2.7,2013-04-01,q
LNNK,92.5,2013-04-01,q
LNNL,91.8,2013-04-01,q
LOJE,3.3,2013-04-01,q
DIX4,94.1,2013-07-01,q
DJ4I,-1,2013-07-01,q
DJ4J,-3.1,2013-07-01,q
DMWL,0,2013-07-01,q
DMWN,2.8,2013-07-01,q
DMWO,-0.2,2013-07-01,q
FZLN,59.3,2013-07-01,q
FZLP,-0.8,2013-07-01,q
FZLR,0.7,2013-07-01,q
FZLT,87.4,2013-07-01,q
FZLV,-0.5,2013-07-01,q
FZLX,2.4,2013-07-01,q
LNNK,92.5,2013-07-01,q
LNNL,91.6,2013-07-01,q
LOJE,3.6,2013-07-01,q
DIX4,94,2013-10-01,q
DJ4I,-0.1,2013-10-01,q
DJ4J,-2.8,2013-10-01,q
DMWL,1,2013-10-01,q
DMWN,3.3,2013-10-01,q
DMWO,0.9,2013-10-01,q
FZLN,59.8,2013-10-01,q
FZLP,0.8,2013-10-01,q
FZLR,1.2,2013-10-01,q
FZLT,88.5,2013-10-01,q
FZLV,1.2,2013-10-01,q
FZLX,3.8,2013-10-01,q
LNNK,93.4,2013-10-01,q
LNNL,92.4,2013-10-01,q
LOJE,4.1,2013-10-01,q
DIX4,93,2014-01-01,q
DJ4I,-1.1,2014-01-01,q
DJ4J,-2.5,2014-01-01,q
DMWL,0,2014-01-01,q
DMWN,3.1,2014-01-01,q
DMWO,-0.3,2014-01-01,q
FZLN,59.3,2014-01-01,q
FZLP,-0.8,2014-01-01,q
FZLR,1.5,2014-01-01,q
FZLT,88.2,2014-01-01,q
FZLV,-0.4,2014-01-01,q
FZLX,3.3,2014-01-01,q
LNNK,93.5,2014-01-01,q
LNNL,92.1,2014-01-01,q
LOJE,4.1,2014-01-01,q
DIX4,93.5,2014-04-01,q
DJ4I,0.5,2014-04-01,q
DJ4J,-1.6,2014-04-01,q
DMWL,-1.1,2014-04-01,q
DMWN,-1.2,2014-04-01,q
DMWO,-1.5,2014-04-01,q
FZLN,58.7,2014-04-01,q
FZLP,-0.9,2014-04-01,q
FZLR,-1.7,2014-04-01,q
FZLT,86.9,2014-04-01,q
FZLV,-1.4,2014-04-01,q
FZLX,-1.1,2014-04-01,q
LNNK,92.5,2014-04-01,q
LNNL,90.7,2014-04-01,q
LOJE,-0.1,2014-04-01,q
DIX4,94.7,2014-07-01,q
DJ4I,1.3,2014-07-01,q
DJ4J,0.6,2014-07-01,q
DMWL,-0.9,2014-07-01,q
DMWN,-2.2,2014-07-01,q
DMWO,-1.2,2014-07-01,q
FZLN,57.2,2014-07-01,q
FZLP,-2.5,2014-07-01,q
FZLR,-3.4,2014-07-01,q
FZLT,86.3,2014-07-01,q
FZLV,-0.7,2014-07-01,q
FZLX,-1.2,2014-07-01,q
LNNK,91.6,2014-07-01,q
LNNL,89.6,2014-07-01,q
LOJE,-1,2014-07-01,q
DIX4,95.6,2014-10-01,q
DJ4I,1,2014-10-01,q
DJ4J,1.6,2014-10-01,q
DMWL,0.4,2014-10-01,q
DMWN,-2.6,2014-10-01,q
DMWO,0.4,2014-10-01,q
FZLN,57.6,2014-10-01,q
FZLP,0.6,2014-10-01,q
FZLR,-3.7,2014-10-01,q
FZLT,86.7,2014-10-01,q
FZLV,0.4,2014-10-01,q
FZLX,-2,2014-10-01,q
LNNK,92,2014-10-01,q
LNNL,90,2014-10-01,q
LOJE,-1.5,2014-10-01,q
DIX4,95.4,2015-01-01,q
DJ4I,-0.1,2015-01-01,q
DJ4J,2.7,2015-01-01,q
DMWL,1,2015-01-01,q
DMWN,-1.2,2015-01-01,q
DMWO,1.1,2015-01-01,q
FZLN,57.9,2015-01-01,q
FZLP,0.5,2015-01-01,q
FZLR,-2.3,2015-01-01,q
FZLT,87.6,2015-01-01,q
FZLV,1,2015-01-01,q
FZLX,-0.6,2015-01-01,q
LNNK,92.9,2015-01-01,q
LNNL,91,2015-01-01,q
LOJE,-0.6,2015-01-01,q
DIX4,94.8,2015-04-01,q
DJ4I,-0.6,2015-04-01,q
DJ4J,1.5,2015-04-01,q
DMWL,0.1,2015-04-01,q
DMWN,0.9,2015-04-01,q
DMWO,0.6,2015-04-01,q
FZLN,58.5,2015-04-01,q
FZLP,1.1,2015-04-01,q
FZLR,-0.3,2015-04-01,q
FZLT,88.7,2015-04-01,q
FZLV,1.3,2015-04-01,q
FZLX,2.1,2015-04-01,q
LNNK,93,2015-04-01,q
LNNL,91.5,2015-04-01,q
LOJE,0.6,2015-04-01,q
DIX4,96,2015-07-01,q
DJ4I,1.2,2015-07-01,q
DJ4J,1.4,2015-07-01,q
DMWL,1.1,2015-07-01,q
DMWN,3.4,2015-07-01,q
DMWO,1.3,2015-07-01,q
FZLN,59,2015-07-01,q
FZLP,0.8,2015-07-01,q
FZLR,3,2015-07-01,q
FZLT,90.1,2015-07-01,q
FZLV,1.5,2015-07-01,q
FZLX,4.4,2015-07-01,q
LNNK,94.1,2015-07-01,q
LNNL,92.7,2015-07-01,q
LOJE,2.8,2015-07-01,q
DIX4,97.2,2015-10-01,q
DJ4I,1.3,2015-10-01,q
DJ4J,1.7,2015-10-01,q
DMWL,-0.3,2015-10-01,q
DMWN,2.6,2015-10-01,q
DMWO,-0.3,2015-10-01,q
FZLN,58.4,2015-10-01,q
FZLP,-1,2015-10-01,q
FZLR,1.4,2015-10-01,q
FZLT,88.7,2015-10-01,q
FZLV,-1.5,2015-10-01,q
FZLX,2.3,2015-10-01,q
LNNK,93.8,2015-10-01,q
LNNL,92.4,2015-10-01,q
LOJE,2,2015-10-01,q
DIX4,98.3,2016-01-01,q
DJ4I,1.2,2016-01-01,q
DJ4J,3,2016-01-01,q
DMWL,0.5,2016-01-01,q
DMWN,1.7,2016-01-01,q
DMWO,0.1,2016-01-01,q
FZLN,58.2,2016-01-01,q
FZLP,-0.4,2016-01-01,q
FZLR,0.4,2016-01-01,q
FZLT,89.6,2016-01-01,q
FZLV,1,2016-01-01,q
FZLX,2.3,2016-01-01,q
LNNK,94.3,2016-01-01,q
LNNL,92.5,2016-01-01,q
LOJE,1.5,2016-01-01,q
DIX4,98.1,2016-04-01,q
DJ4I,-0.3,2016-04-01,q
DJ4J,3.4,2016-04-01,q
DMWL,0.3,2016-04-01,q
DMWN,2.2,2016-04-01,q
DMWO,1.1,2016-04-01,q
FZLN,58.7,2016-04-01,q
FZLP,1,2016-04-01,q
FZLR,0.4,2016-04-01,q
FZLT,91.1,2016-04-01,q
FZLV,1.7,2016-04-01,q
FZLX,2.7,2016-04-01,q
LNNK,94.6,2016-04-01,q
LNNL,93.5,2016-04-01,q
LOJE,1.7,2016-04-01,q
DIX4,99,2016-07-01,q
DJ4I,0.9,2016-07-01,q
DJ4J,3.1,2016-07-01,q
DMWL,0.2,2016-07-01,q
DMWN,1,2016-07-01,q
DMWO,0.1,2016-07-01,q
FZLN,58.3,2016-07-01,q
FZLP,-0.8,2016-07-01,q
FZLR,-1.1,2016-07-01,q
FZLT,91.5,2016-07-01,q
FZLV,0.4,2016-07-01,q
FZLX,1.6,2016-07-01,q
LNNK,94.8,2016-07-01,q
LNNL,93.6,2016-07-01,q
LOJE,0.7,2016-07-01,q
DIX4,98.3,2016-10-01,q
DJ4I,-0.7,2016-10-01,q
DJ4J,1.1,2016-10-01,q
DMWL,-0.8,2016-10-01,q
DMWN,0.9,2016-10-01,q
DMWO,-0.4,2016-10-01,q
FZLN,57.8,2016-10-01,q
FZLP,-0.8,2016-10-01,q
FZLR,-1,2016-10-01,q
FZLT,91.4,2016-10-01,q
FZLV,-0.2,2016-10-01,q
FZLX,3,2016-10-01,q
LNNK,94,2016-10-01,q
LNNL,93.2,2016-10-01,q
LOJE,0.3,2016-10-01,q
DIX4,98.9,2017-01-01,q
DJ4I,0.7,2017-01-01,q
DJ4J,0.6,2017-01-01,q
DMWL,0.5,2017-01-01,q
DMWN,1.2,2017-01-01,q
DMWO,0.4,2017-01-01,q
FZLN,57.8,2017-01-01,q
FZLP,-0.1,2017-01-01,q
FZLR,-0.7,2017-01-01,q
FZLT,91.8,2017-01-01,q
FZLV,0.5,2017-01-01,q
FZLX,2.4,2017-01-01,q
LNNK,94.5,2017-01-01,q
LNNL,93.6,2017-01-01,q
LOJE,0.2,2017-01-01,q
DIX4,100.8,2017-04-01,q
DJ4I,1.9,2017-04-01,q
DJ4J,2.8,2017-04-01,q
DMWL,1.4,2017-04-01,q
DMWN,1.7,2017-04-01,q
DMWO,1.5,2017-04-01,q
FZLN,58.5,2017-04-01,q
FZLP,1.3,2017-04-01,q
FZLR,-0.4,2017-04-01,q
FZLT,93.2,2017-04-01,q
FZLV,1.6,2017-04-01,q
FZLX,2.3,2017-04-01,q
LNNK,95.8,2017-04-01,q
LNNL,95.1,2017-04-01,q
LOJE,1.2,2017-04-01,q
DIX4,102.1,2017-07-01,q
DJ4I,1.3,2017-07-01,q
DJ4J,3.2,2017-07-01,q
DMWL,0.1,2017-07-01,q
DMWN,1.6,2017-07-01,q
DMWO,0.1,2017-07-01,q
FZLN,58.6,2017-07-01,q
FZLP,0.1,2017-07-01,q
FZLR,0.5,2017-07-01,q
FZLT,94.8,2017-07-01,q
FZLV,1.7,2017-07-01,q
FZLX,3.6,2017-07-01,q
LNNK,95.9,2017-07-01,q
LNNL,95.1,2017-07-01,q
LOJE,1.1,2017-07-01,q
DIX4,100.6,2017-10-01,q
DJ4I,-1.5,2017-10-01,q
DJ4J,2.3,2017-10-01,q
DMWL,0.2,2017-10-01,q
DMWN,2.1,2017-10-01,q
DMWO,0.1,2017-10-01,q
FZLN,58,2017-10-01,q
FZLP,-0.9,2017-10-01,q
FZLR,0.3,2017-10-01,q
FZLT,95.2,2017-10-01,q
FZLV,0.4,2017-10-01,q
FZLX,4.2,2017-10-01,q
LNNK,96,2017-10-01,q
LNNL,95.2,2017-10-01,q
LOJE,2.1,2017-10-01,q
DIX4,99,2018-01-01,q
DJ4I,-1.5,2018-01-01,q
DJ4J,0.1,2018-01-01,q
DMWL,1.6,2018-01-01,q
DMWN,3.4,2018-01-01,q
DMWO,1.7,2018-01-01,q
FZLN,58.7,2018-01-01,q
FZLP,1.2,2018-01-01,q
FZLR,1.6,2018-01-01,q
FZLT,96.3,2018-01-01,q
FZLV,1.2,2018-01-01,q
FZLX,4.9,2018-01-01,q
LNNK,97.6,2018-01-01,q
LNNL,96.8,2018-01-01,q
LOJE,3.2,2018-01-01,q
DIX4,99.4,2018-04-01,q
DJ4I,0.4,2018-04-01,q
DJ4J,-1.4,2018-04-01,q
DMWL,-0.6,2018-04-01,q
DMWN,1.3,2018-04-01,q
DMWO,-0.5,2018-04-01,q
FZLN,58.4,2018-04-01,q
FZLP,-0.5,2018-04-01,q
FZLR,-0.1,2018-04-01,q
FZLT,96.2,2018-04-01,q
FZLV,-0.1,2018-04-01,q
FZLX,3.2,2018-04-01,q
LNNK,96.9,2018-04-01,q
LNNL,96.4,2018-04-01,q
LOJE,1.2,2018-04-01,q
DIX4,100,2018-07-01,q
DJ4I,0.6,2018-07-01,q
DJ4J,-2.1,2018-07-01,q
DMWL,1.4,2018-07-01,q
DMWN,2.4,2018-07-01,q
DMWO,1.1,2018-07-01,q
FZLN,58.7,2018-07-01,q
FZLP,0.5,2018-07-01,q
FZLR,0.3,2018-07-01,q
FZLT,96.9,2018-07-01,q
FZLV,0.8,2018-07-01,q
FZLX,2.2,2018-07-01,q
LNNK,98.3,2018-07-01,q
LNNL,97.4,2018-07-01,q
LOJE,2.5,2018-07-01,q
DIX4,100.8,2018-10-01,q
DJ4I,0.8,2018-10-01,q
DJ4J,0.2,2018-10-01,q
DMWL,1.3,2018-10-01,q
DMWN,3.6,2018-10-01,q
DMWO,1.3,2018-10-01,q
FZLN,59.1,2018-10-01,q
FZLP,0.6,2018-10-01,q
FZLR,1.8,2018-10-01,q
FZLT,98.6,2018-10-01,q
FZLV,1.7,2018-10-01,q
FZLX,3.6,2018-10-01,q
LNNK,99.5,2018-10-01,q
LNNL,98.7,2018-10-01,q
LOJE,3.7,2018-10-01,q
DIX4,98.5,2019-01-01,q
DJ4I,-2.3,2019-01-01,q
DJ4J,-0.5,2019-01-01,q
DMWL,0,2019-01-01,q
DMWN,2.4,2019-01-01,q
DMWO,0.4,2019-01-01,q
FZLN,59.3,2019-01-01,q
FZLP,0.3,2019-01-01,q
FZLR,1,2019-01-01,q
FZLT,98.5,2019-01-01,q
FZLV,0,2019-01-01,q
FZLX,2.3,2019-01-01,q
LNNK,99.5,2019-01-01,q
LNNL,99.1,2019-01-01,q
LOJE,2,2019-01-01,q
DIX4,101.4,2019-04-01,q
DJ4I,3,2019-04-01,q
DJ4J,2,2019-04-01,q
DMWL,1.3,2019-04-01,q
DMWN,4.7,2019-04-01,q
DMWO,1.8,2019-04-01,q
FZLN,59.8,2019-04-01,q
FZLP,0.9,2019-04-01,q
FZLR,2.4,2019-04-01,q
FZLT,100.4,2019-04-01,q
FZLV,1.9,2019-04-01,q
FZLX,4.4,2019-04-01,q
LNNK,100.8,2019-04-01,q
LNNL,100.8,2019-04-01,q
LOJE,4,2019-04-01,q
DIX4,100.6,2019-07-01,q
DJ4I,-0.8,2019-07-01,q
DJ4J,0.6,2019-07-01,q
DMWL,-0.7,2019-07-01,q
DMWN,2.9,2019-07-01,q
DMWO,-0.7,2019-07-01,q
FZLN,59.1,2019-07-01,q
FZLP,-1.2,2019-07-01,q
FZLR,0.7,2019-07-01,q
FZLT,100.5,2019-07-01,q
FZLV,0.1,2019-07-01,q
FZLX,3.7,2019-07-01,q
LNNK,100.1,2019-07-01,q
LNNL,100.2,2019-07-01,q
LOJE,1.8,2019-07-01,q
DIX4,99.6,2019-10-01,q
DJ4I,-1,2019-10-01,q
DJ4J,-1.2,2019-10-01,q
DMWL,-0.5,2019-10-01,q
DMWN,1.3,2019-10-01,q
DMWO,-0.2,2019-10-01,q
FZLN,58.4,2019-10-01,q
FZLP,-1.2,2019-10-01,q
FZLR,-1.1,2019-10-01,q
FZLT,100.5,2019-10-01,q
FZLV,0,2019-10-01,q
FZLX,2,2019-10-01,q
LNNK,99.6,2019-10-01,q
LNNL,99.9,2019-10-01,q
LOJE,0,2019-10-01,q
DIX4,97.2,2020-01-01,q
DJ4I,-2.4,2020-01-01,q
DJ4J,-1.3,2020-01-01,q
DMWL,2.2,2020-01-01,q
DMWN,3.1,2020-01-01,q
DMWO,2.3,2020-01-01,q
FZLN,59.2,2020-01-01,q
FZLP,1.3,2020-01-01,q
FZLR,-0.2,2020-01-01,q
FZLT,102,2020-01-01,q
FZLV,1.5,2020-01-01,q
FZLX,3.5,2020-01-01,q
LNNK,101.8,2020-01-01,q
LNNL,102.2,2020-01-01,q
LOJE,2.2,2020-01-01,q
DIX4,91.6,2020-04-01,q
DJ4I,-5.8,2020-04-01,q
DJ4J,-9.7,2020-04-01,q
DMWL,7.3,2020-04-01,q
DMWN,10.4,2020-04-01,q
DMWO,9,2020-04-01,q
FZLN,59.5,2020-04-01,q
FZLP,0.5,2020-04-01,q
FZLR,-0.5,2020-04-01,q
FZLT,106.9,2020-04-01,q
FZLV,4.8,2020-04-01,q
FZLX,6.5,2020-04-01,q
LNNK,109.2,2020-04-01,q
LNNL,111.3,2020-04-01,q
LOJE,8.4,2020-04-01,q
DIX4,87.2,2020-07-01,q
DJ4I,-4.7,2020-07-01,q
DJ4J,-13.3,2020-07-01,q
DMWL,-4.6,2020-07-01,q
DMWN,4.6,2020-07-01,q
DMWO,-5.9,2020-07-01,q
FZLN,58.5,2020-07-01,q
FZLP,-1.7,2020-07-01,q
FZLR,-1.1,2020-07-01,q
FZLT,108.9,2020-07-01,q
FZLV,1.8,2020-07-01,q
FZLX,8.3,2020-07-01,q
LNNK,104.2,2020-07-01,q
LNNL,104.8,2020-07-01,q
LOJE,4.1,2020-07-01,q
DIX4,86.7,2020-10-01,q
DJ4I,-0.7,2020-10-01,q
DJ4J,-13,2020-10-01,q
DMWL,3,2020-10-01,q
DMWN,7.7,2020-10-01,q
DMWO,2.7,2020-10-01,q
FZLN,60,2020-10-01,q
FZLP,2.7,2020-10-01,q
FZLR,2.8,2020-10-01,q
FZLT,107.3,2020-10-01,q
FZLV,-1.4,2020-10-01,q
FZLX,6.8,2020-10-01,q
LNNK,107.4,2020-10-01,q
LNNL,107.7,2020-10-01,q
LOJE,7.8,2020-10-01,q
DIX4,82,2021-01-01,q
DJ4I,-5.4,2021-01-01,q
DJ4J,-15.7,2021-01-01,q
DMWL,-0.3,2021-01-01,q
DMWN,6.4,2021-01-01,q
DMWO,0.9,2021-01-01,q
FZLN,59.9,2021-01-01,q
FZLP,-0.3,2021-01-01,q
FZLR,1.2,2021-01-01,q
FZLT,109,2021-01-01,q
FZLV,1.6,2021-01-01,q
FZLX,6.9,2021-01-01,q
LNNK,107,2021-01-01,q
LNNL,108.7,2021-01-01,q
LOJE,5.1,2021-01-01,q
DIX4,85.4,2021-04-01,q
DJ4I,4.2,2021-04-01,q
DJ4J,-6.7,2021-04-01,q
DMWL,-0.7,2021-04-01,q
DMWN,-5.5,2021-04-01,q
DMWO,-3.2,2021-04-01,q
FZLN,59.5,2021-04-01,q
FZLP,-0.7,2021-04-01,q
FZLR,0,2021-04-01,q
FZLT,106.8,2021-04-01,q
FZLV,-2,2021-04-01,q
FZLX,-0.1,2021-04-01,q
LNNK,106.2,2021-04-01,q
LNNL,105.2,2021-04-01,q
LOJE,-2.8,2021-04-01,q
DIX4,87.9,2021-07-01,q
DJ4I,2.9,2021-07-01,q
DJ4J,0.8,2021-07-01,q
DMWL,1.8,2021-07-01,q
DMWN,2.7,2021-07-01,q
DMWO,2.2,2021-07-01,q
FZLN,60.3,2021-07-01,q
FZLP,1.4,2021-07-01,q
FZLR,3.1,2021-07-01,q
FZLT,108.3,2021-07-01,q
FZLV,1.4,2021-07-01,q
FZLX,-0.6,2021-07-01,q
LNNK,108.1,2021-07-01,q
LNNL,107.6,2021-07-01,q
LOJE,3.7,2021-07-01,q
DIX4,90.7,2021-10-01,q
DJ4I,3.2,2021-10-01,q
DJ4J,4.7,2021-10-01,q
DMWL,1.5,2021-10-01,q
DMWN,1.5,2021-10-01,q
DMWO,1.5,2021-10-01,q
FZLN,60.3,2021-10-01,q
FZLP,0,2021-10-01,q
FZLR,0.4,2021-10-01,q
FZLT,111.5,2021-10-01,q
FZLV,3,2021-10-01,q
FZLX,3.9,2021-10-01,q
LNNK,109.7,2021-10-01,q
LNNL,109.2,2021-10-01,q
LOJE,2.1,2021-10-01,q
DIX4,94.7,2022-01-01,q
DJ4I,4.4,2022-01-01,q
DJ4J,15.5,2022-01-01,q
DMWL,1.6,2022-01-01,q
DMWN,2.4,2022-01-01,q
DMWO,1.8,2022-01-01,q
FZLN,60.1,2022-01-01,q
FZLP,-0.3,2022-01-01,q
FZLR,0.4,2022-01-01,q
FZLT,112.6,2022-01-01,q
FZLV,1,2022-01-01,q
FZLX,3.3,2022-01-01,q
LNNK,111.4,2022-01-01,q
LNNL,111.3,2022-01-01,q
LOJE,4.1,2022-01-01,q
DIX4,96.5,2022-04-01,q
DJ4I,1.9,2022-04-01,q
DJ4J,13,2022-04-01,q
DMWL,0.8,2022-04-01,q
DMWN,6.9,2022-04-01,q
DMWO,1.1,2022-04-01,q
FZLN,59.8,2022-04-01,q
FZLP,-0.5,2022-04-01,q
FZLR,0.6,2022-04-01,q
FZLT,113.9,2022-04-01,q
FZLV,1.2,2022-04-01,q
FZLX,6.7,2022-04-01,q
LNNK,112.3,2022-04-01,q
LNNL,112.5,2022-04-01,q
LOJE,5.8,2022-04-01,q
DIX4,99.7,2022-07-01,q
DJ4I,3.3,2022-07-01,q
DJ4J,13.5,2022-07-01,q
DMWL,1.8,2022-07-01,q
DMWN,6.2,2022-07-01,q
DMWO,1.6,2022-07-01,q
FZLN,59.9,2022-07-01,q
FZLP,0.1,2022-07-01,q
FZLR,-0.6,2022-07-01,q
FZLT,116.2,2022-07-01,q
FZLV,1.9,2022-07-01,q
FZLX,7.3,2022-07-01,q
LNNK,114.4,2022-07-01,q
LNNL,114.3,2022-07-01,q
LOJE,5.8,2022-07-01,q
DIX4,101,2022-10-01,q
DJ4I,1.3,2022-10-01,q
DJ4J,11.3,2022-10-01,q
DMWL,1.7,2022-10-01,q
DMWN,6,2022-10-01,q
DMWO,1.3,2022-10-01,q
FZLN,58.6,2022-10-01,q
FZLP,-2.2,2022-10-01,q
FZLR,-2.8,2022-10-01,q
FZLT,118.2,2022-10-01,q
FZLV,1.7,2022-10-01,q
FZLX,5.9,2022-10-01,q
LNNK,116.3,2022-10-01,q
LNNL,115.8,2022-10-01,q
LOJE,6.1,2022-10-01,q
